Date,Exchange Rate (USD/INR)
07-11-2014,61.4
10-11-2014,61.495
11-11-2014,61.508
12-11-2014,61.391
13-11-2014,61.565
14-11-2014,61.83
17-11-2014,61.771
18-11-2014,61.715
19-11-2014,61.938
20-11-2014,61.923
21-11-2014,61.68
24-11-2014,61.853
25-11-2014,61.84
26-11-2014,61.788
27-11-2014,61.853
28-11-2014,62.23
01-12-2014,61.948
02-12-2014,61.788
03-12-2014,61.856
04-12-2014,61.62
05-12-2014,61.97
08-12-2014,61.82
09-12-2014,61.873
10-12-2014,62.108
11-12-2014,62.473
12-12-2014,62.6
15-12-2014,63.168
16-12-2014,63.653
17-12-2014,63.518
18-12-2014,62.983
19-12-2014,63.255
22-12-2014,63.223
23-12-2014,63.433
24-12-2014,63.515
25-12-2014,63.513
26-12-2014,63.515
30-12-2014,63.378
31-12-2014,63.028
01-01-2015,63.028
02-01-2015,63.27
05-01-2015,63.338
06-01-2015,63.568
07-01-2015,63.273
08-01-2015,62.668
09-01-2015,62.11
12-01-2015,62.068
13-01-2015,61.973
14-01-2015,62.088
15-01-2015,62.055
16-01-2015,61.61
19-01-2015,61.638
20-01-2015,61.648
21-01-2015,61.553
22-01-2015,61.598
23-01-2015,61.455
26-01-2015,61.473
27-01-2015,61.343
28-01-2015,61.351
29-01-2015,61.777
30-01-2015,62.13
02-02-2015,61.748
03-02-2015,61.594
04-02-2015,61.809
05-02-2015,61.741
06-02-2015,61.84
09-02-2015,62.151
10-02-2015,62.32
11-02-2015,62.399
12-02-2015,62.134
13-02-2015,62.05
16-02-2015,62.213
17-02-2015,62.151
18-02-2015,62.083
19-02-2015,62.18
20-02-2015,62.266
23-02-2015,62.154
24-02-2015,62.233
25-02-2015,61.853
26-02-2015,61.722
27-02-2015,61.63
02-03-2015,61.9
03-03-2015,61.81
04-03-2015,62.281
05-03-2015,62.435
06-03-2015,62.78
09-03-2015,62.643
10-03-2015,62.713
11-03-2015,62.756
12-03-2015,62.533
13-03-2015,62.965
16-03-2015,62.783
17-03-2015,62.616
18-03-2015,62.69
19-03-2015,62.59
20-03-2015,62.395
23-03-2015,62.215
24-03-2015,62.258
25-03-2015,62.45
26-03-2015,62.829
27-03-2015,62.517
30-03-2015,62.576
31-03-2015,62.369
01-04-2015,62.27
02-04-2015,62.046
03-04-2015,61.925
06-04-2015,62.196
07-04-2015,62.316
08-04-2015,62.165
09-04-2015,62.155
10-04-2015,62.395
13-04-2015,62.357
14-04-2015,62.295
15-04-2015,62.393
16-04-2015,62.33
17-04-2015,62.543
20-04-2015,62.961
21-04-2015,62.931
22-04-2015,62.92
23-04-2015,63.336
24-04-2015,63.543
27-04-2015,63.542
28-04-2015,63.14
29-04-2015,63.355
30-04-2015,63.613
01-05-2015,63.645
04-05-2015,63.65
05-05-2015,63.382
06-05-2015,63.501
07-05-2015,64.14
08-05-2015,63.735
11-05-2015,63.924
12-05-2015,64.232
13-05-2015,63.852
14-05-2015,63.45
15-05-2015,63.381
18-05-2015,63.72
19-05-2015,63.771
20-05-2015,63.85
21-05-2015,63.535
22-05-2015,63.435
25-05-2015,63.48
26-05-2015,63.946
27-05-2015,63.898
28-05-2015,63.821
29-05-2015,63.795
01-06-2015,63.599
02-06-2015,63.658
03-06-2015,64.028
04-06-2015,63.97
05-06-2015,63.755
08-06-2015,63.996
09-06-2015,64.001
10-06-2015,63.867
11-06-2015,63.948
12-06-2015,64.013
15-06-2015,64.08
16-06-2015,64.205
17-06-2015,64.168
18-06-2015,63.737
19-06-2015,63.504
22-06-2015,63.494
23-06-2015,63.632
24-06-2015,63.55
25-06-2015,63.576
26-06-2015,63.586
29-06-2015,63.84
30-06-2015,63.652
01-07-2015,63.634
02-07-2015,63.405
03-07-2015,63.46
06-07-2015,63.356
07-07-2015,63.509
08-07-2015,63.569
09-07-2015,63.312
10-07-2015,63.359
13-07-2015,63.519
14-07-2015,63.295
15-07-2015,63.57
16-07-2015,63.509
17-07-2015,63.46
20-07-2015,63.686
21-07-2015,63.601
22-07-2015,63.6
23-07-2015,63.819
24-07-2015,64.068
27-07-2015,64.214
28-07-2015,63.74
29-07-2015,63.827
30-07-2015,64.06
31-07-2015,64.11
03-08-2015,63.95
04-08-2015,63.764
05-08-2015,63.672
06-08-2015,63.688
07-08-2015,63.73
10-08-2015,63.78
11-08-2015,64.21
12-08-2015,64.717
13-08-2015,65.307
14-08-2015,65.02
17-08-2015,65.392
18-08-2015,65.432
19-08-2015,65.05
20-08-2015,65.491
21-08-2015,65.95
24-08-2015,66.804
25-08-2015,66.102
26-08-2015,66.107
27-08-2015,66.003
28-08-2015,66.184
31-08-2015,66.421
01-09-2015,66.352
02-09-2015,66.199
03-09-2015,66.074
04-09-2015,66.679
07-09-2015,66.81
08-09-2015,66.358
09-09-2015,66.461
10-09-2015,66.436
11-09-2015,66.371
14-09-2015,66.247
15-09-2015,66.397
16-09-2015,66.45
17-09-2015,66.07
18-09-2015,65.858
21-09-2015,65.649
22-09-2015,65.8
23-09-2015,66.119
24-09-2015,66.32
25-09-2015,66.127
28-09-2015,66.257
29-09-2015,65.909
30-09-2015,65.478
01-10-2015,65.601
02-10-2015,65.354
05-10-2015,65.121
06-10-2015,65.18
07-10-2015,64.897
08-10-2015,64.985
09-10-2015,64.696
12-10-2015,64.737
13-10-2015,65.057
14-10-2015,64.871
15-10-2015,64.758
16-10-2015,64.704
19-10-2015,64.917
20-10-2015,64.967
21-10-2015,65.19
22-10-2015,64.91
23-10-2015,64.882
26-10-2015,64.805
27-10-2015,65.096
28-10-2015,64.943
29-10-2015,65.35
30-10-2015,65.413
02-11-2015,65.587
03-11-2015,65.535
04-11-2015,65.446
05-11-2015,65.88
06-11-2015,66.13
09-11-2015,66.465
10-11-2015,66.19
11-11-2015,66.055
12-11-2015,66.03
13-11-2015,66.048
16-11-2015,65.983
17-11-2015,65.96
18-11-2015,66.124
19-11-2015,66.075
20-11-2015,66.053
23-11-2015,66.338
24-11-2015,66.29
25-11-2015,66.323
26-11-2015,66.57
27-11-2015,66.9
30-11-2015,66.486
01-12-2015,66.488
02-12-2015,66.513
03-12-2015,66.825
04-12-2015,66.67
07-12-2015,66.755
08-12-2015,66.754
09-12-2015,66.846
10-12-2015,66.697
11-12-2015,67.073
14-12-2015,67.037
15-12-2015,66.831
16-12-2015,66.576
17-12-2015,66.34
18-12-2015,66.277
21-12-2015,66.191
22-12-2015,66.2
23-12-2015,66.147
24-12-2015,65.96
25-12-2015,65.979
28-12-2015,66.148
29-12-2015,66.232
30-12-2015,66.38
31-12-2015,66.405
01-01-2016,66.13
04-01-2016,66.554
05-01-2016,66.503
06-01-2016,66.709
07-01-2016,66.9
08-01-2016,66.815
11-01-2016,66.775
12-01-2016,66.806
13-01-2016,66.88
14-01-2016,67.393
15-01-2016,67.81
18-01-2016,67.72
19-01-2016,67.711
20-01-2016,68.021
21-01-2016,67.883
22-01-2016,67.555
25-01-2016,67.706
26-01-2016,67.689
27-01-2016,68.13
28-01-2016,68.022
29-01-2016,67.867
01-02-2016,67.91
02-02-2016,67.911
03-02-2016,67.935
04-02-2016,67.539
05-02-2016,67.8
08-02-2016,68.003
09-02-2016,67.89
10-02-2016,67.855
11-02-2016,68.399
12-02-2016,68.108
15-02-2016,68.162
16-02-2016,68.448
17-02-2016,68.328
18-02-2016,68.541
19-02-2016,68.69
22-02-2016,68.527
23-02-2016,68.556
24-02-2016,68.546
25-02-2016,68.83
26-02-2016,68.819
29-02-2016,68.215
01-03-2016,67.675
02-03-2016,67.414
03-03-2016,67.16
04-03-2016,66.948
07-03-2016,66.946
08-03-2016,67.308
09-03-2016,67.158
10-03-2016,67.35
11-03-2016,66.956
14-03-2016,67.143
15-03-2016,67.39
16-03-2016,67.163
17-03-2016,66.46
18-03-2016,66.44
21-03-2016,66.534
22-03-2016,66.69
23-03-2016,66.83
24-03-2016,66.905
25-03-2016,66.888
28-03-2016,66.58
29-03-2016,66.366
30-03-2016,66.37
31-03-2016,66.25
01-04-2016,66.345
04-04-2016,66.049
05-04-2016,66.529
06-04-2016,66.61
07-04-2016,66.693
08-04-2016,66.541
11-04-2016,66.322
12-04-2016,66.273
13-04-2016,66.577
14-04-2016,66.516
15-04-2016,66.581
18-04-2016,66.421
19-04-2016,66.14
20-04-2016,66.142
21-04-2016,66.408
22-04-2016,66.637
25-04-2016,66.659
26-04-2016,66.392
27-04-2016,66.41
28-04-2016,66.36
29-04-2016,66.419
02-05-2016,66.344
03-05-2016,66.524
04-05-2016,66.64
05-05-2016,66.533
06-05-2016,66.533
09-05-2016,66.691
10-05-2016,66.619
11-05-2016,66.547
12-05-2016,66.683
13-05-2016,66.9
16-05-2016,66.835
17-05-2016,66.741
18-05-2016,66.966
19-05-2016,67.433
20-05-2016,67.442
23-05-2016,67.439
24-05-2016,67.701
25-05-2016,67.237
26-05-2016,67.064
27-05-2016,66.936
30-05-2016,66.959
31-05-2016,67.114
01-06-2016,67.438
02-06-2016,67.25
03-06-2016,66.99
06-06-2016,66.84
07-06-2016,66.659
08-06-2016,66.488
09-06-2016,66.703
10-06-2016,66.969
13-06-2016,67.187
14-06-2016,67.343
15-06-2016,67.083
16-06-2016,67.284
17-06-2016,67.098
20-06-2016,67.542
21-06-2016,67.707
22-06-2016,67.449
23-06-2016,67.296
24-06-2016,67.833
27-06-2016,67.916
28-06-2016,67.863
29-06-2016,67.404
30-06-2016,67.5
01-07-2016,67.18
04-07-2016,67.18
05-07-2016,67.379
06-07-2016,67.455
07-07-2016,67.484
08-07-2016,67.15
11-07-2016,67.138
12-07-2016,67.044
13-07-2016,67.009
14-07-2016,66.827
15-07-2016,66.98
18-07-2016,67.14
19-07-2016,67.173
20-07-2016,67.182
21-07-2016,67.164
22-07-2016,67.189
25-07-2016,67.4
26-07-2016,67.36
27-07-2016,67.135
28-07-2016,67.035
29-07-2016,66.749
01-08-2016,66.702
02-08-2016,66.706
03-08-2016,66.845
04-08-2016,66.756
05-08-2016,66.829
08-08-2016,66.819
09-08-2016,66.758
10-08-2016,66.74
11-08-2016,66.759
12-08-2016,66.896
15-08-2016,66.857
16-08-2016,66.832
17-08-2016,66.903
18-08-2016,66.865
19-08-2016,67.096
22-08-2016,67.186
23-08-2016,67.093
24-08-2016,67.115
25-08-2016,67.009
26-08-2016,67.127
29-08-2016,67.162
30-08-2016,67.135
31-08-2016,66.93
01-09-2016,66.818
02-09-2016,66.79
05-09-2016,66.485
06-09-2016,66.26
07-09-2016,66.403
08-09-2016,66.524
09-09-2016,66.76
12-09-2016,66.779
13-09-2016,67.105
14-09-2016,66.781
15-09-2016,66.88
16-09-2016,67.091
19-09-2016,66.937
20-09-2016,66.976
21-09-2016,66.982
22-09-2016,66.596
23-09-2016,66.659
26-09-2016,66.564
27-09-2016,66.496
28-09-2016,66.352
29-09-2016,66.757
30-09-2016,66.619
03-10-2016,66.509
04-10-2016,66.482
05-10-2016,66.513
06-10-2016,66.775
07-10-2016,66.626
10-10-2016,66.511
11-10-2016,66.78
12-10-2016,66.848
13-10-2016,66.88
14-10-2016,66.7
17-10-2016,66.789
18-10-2016,66.719
19-10-2016,66.65
20-10-2016,66.75
21-10-2016,66.945
24-10-2016,66.878
25-10-2016,66.795
26-10-2016,66.846
27-10-2016,66.845
28-10-2016,66.796
31-10-2016,66.7
01-11-2016,66.725
02-11-2016,66.71
03-11-2016,66.683
04-11-2016,66.78
07-11-2016,66.75
08-11-2016,66.26
09-11-2016,66.5
10-11-2016,67.07
11-11-2016,67.529
14-11-2016,67.775
15-11-2016,67.785
16-11-2016,68.079
17-11-2016,67.99
18-11-2016,68.18
21-11-2016,68.234
22-11-2016,68.462
23-11-2016,68.785
24-11-2016,68.805
25-11-2016,68.46
28-11-2016,68.564
29-11-2016,68.6
30-11-2016,68.557
01-12-2016,68.4
02-12-2016,68.034
05-12-2016,68.015
06-12-2016,67.726
07-12-2016,67.431
08-12-2016,67.403
09-12-2016,67.459
12-12-2016,67.414
13-12-2016,67.386
14-12-2016,67.517
15-12-2016,67.845
16-12-2016,67.845
19-12-2016,67.84
20-12-2016,67.894
21-12-2016,67.824
22-12-2016,67.835
23-12-2016,67.826
26-12-2016,67.771
27-12-2016,67.965
28-12-2016,68.205
29-12-2016,67.93
30-12-2016,67.944
02-01-2017,68.137
03-01-2017,68.269
04-01-2017,67.885
05-01-2017,67.73
06-01-2017,68.09
09-01-2017,68.094
10-01-2017,68.315
11-01-2017,68.1
12-01-2017,68.129
13-01-2017,68.16
16-01-2017,68.095
17-01-2017,67.883
18-01-2017,68.212
19-01-2017,68.089
20-01-2017,68.049
23-01-2017,68.049
24-01-2017,68.159
25-01-2017,67.97
26-01-2017,68.145
27-01-2017,68.079
30-01-2017,67.82
31-01-2017,67.489
01-02-2017,67.379
02-02-2017,67.199
03-02-2017,67.174
06-02-2017,67.18
07-02-2017,67.33
08-02-2017,67.045
09-02-2017,66.739
10-02-2017,66.812
13-02-2017,66.899
14-02-2017,66.809
15-02-2017,66.849
16-02-2017,67.059
17-02-2017,67.06
20-02-2017,66.895
21-02-2017,66.95
22-02-2017,66.9
23-02-2017,66.684
24-02-2017,66.619
27-02-2017,66.689
28-02-2017,66.69
01-03-2017,66.7
02-03-2017,66.759
03-03-2017,66.749
06-03-2017,66.649
07-03-2017,66.614
08-03-2017,66.76
09-03-2017,66.75
10-03-2017,66.529
13-03-2017,66.159
14-03-2017,65.759
15-03-2017,65.25
16-03-2017,65.359
17-03-2017,65.449
20-03-2017,65.319
21-03-2017,65.48
22-03-2017,65.429
23-03-2017,65.429
24-03-2017,65.4
27-03-2017,64.97
28-03-2017,65.02
29-03-2017,64.84
30-03-2017,64.85
31-03-2017,64.849
03-04-2017,64.96
04-04-2017,65.07
05-04-2017,64.97
06-04-2017,64.602
07-04-2017,64.266
10-04-2017,64.57
11-04-2017,64.55
12-04-2017,64.57
13-04-2017,64.429
14-04-2017,64.459
17-04-2017,64.459
18-04-2017,64.589
19-04-2017,64.629
20-04-2017,64.609
21-04-2017,64.629
24-04-2017,64.485
25-04-2017,64.31
26-04-2017,64.11
27-04-2017,64.1
28-04-2017,64.31
01-05-2017,64.239
02-05-2017,64.149
03-05-2017,64.15
04-05-2017,64.2
05-05-2017,64.3
08-05-2017,64.339
09-05-2017,64.668
10-05-2017,64.525
11-05-2017,64.389
12-05-2017,64.237
15-05-2017,64.04
16-05-2017,63.93
17-05-2017,64.29
18-05-2017,64.87
19-05-2017,64.559
22-05-2017,64.479
23-05-2017,64.869
24-05-2017,64.75
25-05-2017,64.55
26-05-2017,64.505
29-05-2017,64.535
30-05-2017,64.6
31-05-2017,64.505
01-06-2017,64.435
02-06-2017,64.399
05-06-2017,64.33
06-06-2017,64.419
07-06-2017,64.409
08-06-2017,64.239
09-06-2017,64.239
12-06-2017,64.47
13-06-2017,64.33
14-06-2017,64.23
15-06-2017,64.54
16-06-2017,64.429
19-06-2017,64.469
20-06-2017,64.52
21-06-2017,64.529
22-06-2017,64.589
23-06-2017,64.479
26-06-2017,64.43
27-06-2017,64.47
28-06-2017,64.5
29-06-2017,64.655
30-06-2017,64.615
03-07-2017,64.84
04-07-2017,64.775
05-07-2017,64.794
06-07-2017,64.775
07-07-2017,64.585
10-07-2017,64.449
11-07-2017,64.55
12-07-2017,64.45
13-07-2017,64.454
14-07-2017,64.29
17-07-2017,64.32
18-07-2017,64.266
19-07-2017,64.25
20-07-2017,64.43
21-07-2017,64.38
24-07-2017,64.34
25-07-2017,64.38
26-07-2017,64.358
27-07-2017,64.108
28-07-2017,64.15
31-07-2017,64.18
01-08-2017,64.089
02-08-2017,63.629
03-08-2017,63.69
04-08-2017,63.623
07-08-2017,63.795
08-08-2017,63.686
09-08-2017,63.83
10-08-2017,64.089
11-08-2017,64.13
14-08-2017,64.24
15-08-2017,64.115
16-08-2017,64.15
17-08-2017,64.165
18-08-2017,64.15
21-08-2017,64.13
22-08-2017,64.095
23-08-2017,64.108
24-08-2017,64.06
25-08-2017,64.03
28-08-2017,63.82
29-08-2017,64.01
30-08-2017,64.015
31-08-2017,63.96
01-09-2017,64.02
04-09-2017,64.05
05-09-2017,64.1
06-09-2017,64.095
07-09-2017,64.009
08-09-2017,63.85
11-09-2017,63.93
12-09-2017,64.035
13-09-2017,64
14-09-2017,64.115
15-09-2017,64.073
18-09-2017,64.152
19-09-2017,64.294
20-09-2017,64.26
21-09-2017,64.799
22-09-2017,64.79
25-09-2017,65.122
26-09-2017,65.455
27-09-2017,65.71
28-09-2017,65.46
29-09-2017,65.28
02-10-2017,65.5
03-10-2017,65.479
04-10-2017,65.024
05-10-2017,65.139
06-10-2017,65.375
09-10-2017,65.35
10-10-2017,65.28
11-10-2017,65.15
12-10-2017,65.05
13-10-2017,64.695
16-10-2017,64.694
17-10-2017,65.024
18-10-2017,65.039
19-10-2017,64.989
20-10-2017,65.035
23-10-2017,65.017
24-10-2017,65.079
25-10-2017,64.89
26-10-2017,64.829
27-10-2017,65.045
30-10-2017,64.849
31-10-2017,64.739
01-11-2017,64.59
02-11-2017,64.608
03-11-2017,64.55
06-11-2017,64.675
07-11-2017,65.05
08-11-2017,64.915
09-11-2017,64.97
10-11-2017,65.16
13-11-2017,65.429
14-11-2017,65.399
15-11-2017,65.259
16-11-2017,65.289
17-11-2017,64.9042
20-11-2017,65.094
21-11-2017,64.7772
22-11-2017,64.869
23-11-2017,64.602
24-11-2017,64.669
27-11-2017,64.4978
28-11-2017,64.399
29-11-2017,64.349
30-11-2017,64.479
01-12-2017,64.509
04-12-2017,64.369
05-12-2017,64.3936
06-12-2017,64.519
07-12-2017,64.559
08-12-2017,64.469
11-12-2017,64.3987
12-12-2017,64.5789
13-12-2017,64.3347
14-12-2017,64.329
15-12-2017,64.07
18-12-2017,64.18
19-12-2017,64.05
20-12-2017,64.11
21-12-2017,64.009
22-12-2017,64.009
25-12-2017,64.045
26-12-2017,64.039
27-12-2017,64.109
28-12-2017,64.07
29-12-2017,63.83
01-01-2018,63.675
02-01-2018,63.45
03-01-2018,63.4428
04-01-2018,63.394
05-01-2018,63.329
08-01-2018,63.5132
09-01-2018,63.664
10-01-2018,63.619
11-01-2018,63.6896
12-01-2018,63.599
15-01-2018,63.509
16-01-2018,64.009
17-01-2018,63.879
18-01-2018,63.859
19-01-2018,63.819
22-01-2018,63.879
23-01-2018,63.749
24-01-2018,63.583
25-01-2018,63.509
26-01-2018,63.569
29-01-2018,63.6407
30-01-2018,63.679
31-01-2018,63.6937
01-02-2018,63.9455
02-02-2018,64.119
05-02-2018,64.129
06-02-2018,64.199
07-02-2018,64.269
08-02-2018,64.46
09-02-2018,64.339
12-02-2018,64.269
13-02-2018,64.259
14-02-2018,64.094
15-02-2018,63.889
16-02-2018,64.239
19-02-2018,64.5504
20-02-2018,64.849
21-02-2018,64.799
22-02-2018,64.969
23-02-2018,64.8887
26-02-2018,64.76
27-02-2018,64.909
28-02-2018,65.199
01-03-2018,65.219
02-03-2018,65.2136
05-03-2018,65.019
06-03-2018,64.8268
07-03-2018,64.869
08-03-2018,65.099
09-03-2018,64.9711
12-03-2018,64.979
13-03-2018,64.849
14-03-2018,64.829
15-03-2018,65.0496
16-03-2018,65.0836
19-03-2018,65.21
20-03-2018,65.229
21-03-2018,65.0739
22-03-2018,65.1946
23-03-2018,64.979
26-03-2018,64.7576
27-03-2018,64.939
28-03-2018,65.149
29-03-2018,65.109
30-03-2018,65.109
02-04-2018,65.12
03-04-2018,64.989
04-04-2018,65.0206
05-04-2018,64.88
06-04-2018,64.92
09-04-2018,64.8926
10-04-2018,64.939
11-04-2018,65.254
12-04-2018,65.279
13-04-2018,65.2411
16-04-2018,65.46
17-04-2018,65.684
18-04-2018,65.709
19-04-2018,66.123
20-04-2018,66.242
23-04-2018,66.52
24-04-2018,66.47
25-04-2018,66.918
26-04-2018,66.799
27-04-2018,66.59
30-04-2018,66.45
01-05-2018,66.84
02-05-2018,66.68
03-05-2018,66.659
04-05-2018,66.809
07-05-2018,67.1296
08-05-2018,67.2
09-05-2018,67.344
10-05-2018,67.239
11-05-2018,67.389
14-05-2018,67.549
15-05-2018,68.069
16-05-2018,67.769
17-05-2018,67.759
18-05-2018,68.0099
21-05-2018,68.0763
22-05-2018,68.097
23-05-2018,68.2837
24-05-2018,68.26
25-05-2018,67.73
28-05-2018,67.395
29-05-2018,67.8777
30-05-2018,67.4419
31-05-2018,67.42
01-06-2018,66.9692
04-06-2018,67.0821
05-06-2018,67.1066
06-06-2018,66.829
07-06-2018,67.4276
08-06-2018,67.5273
11-06-2018,67.465
12-06-2018,67.475
13-06-2018,67.5619
14-06-2018,67.68
15-06-2018,68.1887
18-06-2018,68.03
19-06-2018,68.04
20-06-2018,68.05
21-06-2018,67.94
22-06-2018,67.8917
25-06-2018,68.1245
26-06-2018,68.36
27-06-2018,68.9325
28-06-2018,68.83
29-06-2018,68.45
02-07-2018,68.71
03-07-2018,68.5211
04-07-2018,68.685
05-07-2018,68.87
06-07-2018,68.7663
09-07-2018,68.66
10-07-2018,68.749
11-07-2018,68.724
12-07-2018,68.479
13-07-2018,68.489
16-07-2018,68.5406
17-07-2018,68.419
18-07-2018,68.5136
19-07-2018,69.009
20-07-2018,68.7553
23-07-2018,68.9741
24-07-2018,68.942
25-07-2018,68.724
26-07-2018,68.7521
27-07-2018,68.6975
30-07-2018,68.6
31-07-2018,68.5232
01-08-2018,68.34
02-08-2018,68.62
03-08-2018,68.5113
06-08-2018,68.8248
07-08-2018,68.6547
08-08-2018,68.5
09-08-2018,68.8745
10-08-2018,69.1327
13-08-2018,70.085
14-08-2018,69.95
15-08-2018,70.26
16-08-2018,70.079
17-08-2018,69.8596
20-08-2018,69.8305
21-08-2018,69.849
22-08-2018,69.86
23-08-2018,70.2885
24-08-2018,69.7927
27-08-2018,69.9884
28-08-2018,70.2147
29-08-2018,70.6168
30-08-2018,70.9955
31-08-2018,70.8082
03-09-2018,71.21
04-09-2018,71.579
05-09-2018,71.749
06-09-2018,71.985
07-09-2018,72.1009
10-09-2018,72.55
11-09-2018,72.629
12-09-2018,71.89
13-09-2018,71.6
14-09-2018,71.87
17-09-2018,72.53
18-09-2018,72.7532
19-09-2018,72.35
20-09-2018,72.01
21-09-2018,72.1822
24-09-2018,72.66
25-09-2018,72.7437
26-09-2018,72.4249
27-09-2018,72.56
28-09-2018,72.5544
01-10-2018,73.4246
02-10-2018,73.3648
03-10-2018,73.84
04-10-2018,73.62
05-10-2018,74.12
08-10-2018,73.9146
09-10-2018,74.1026
10-10-2018,74.3735
11-10-2018,73.8666
12-10-2018,73.599
15-10-2018,73.76
16-10-2018,73.46
17-10-2018,73.59
18-10-2018,73.52
19-10-2018,73.37
22-10-2018,73.555
23-10-2018,73.23
24-10-2018,73.22
25-10-2018,73.21
26-10-2018,73.09
29-10-2018,73.394
30-10-2018,73.669
31-10-2018,73.949
01-11-2018,73.08
02-11-2018,72.9
05-11-2018,73.074
06-11-2018,72.949
07-11-2018,72.439
08-11-2018,72.6
09-11-2018,72.64
12-11-2018,72.855
13-11-2018,72.3
14-11-2018,72.304
15-11-2018,71.909
16-11-2018,71.974
19-11-2018,71.605
20-11-2018,71.42
21-11-2018,71.11
22-11-2018,70.684
23-11-2018,70.65
26-11-2018,70.81
27-11-2018,70.78
28-11-2018,70.39
29-11-2018,69.72
30-11-2018,69.7
03-12-2018,70.429
04-12-2018,70.52
05-12-2018,70.55
06-12-2018,70.55
07-12-2018,71.35
10-12-2018,72.489
11-12-2018,72.273
12-12-2018,71.829
13-12-2018,71.519
14-12-2018,71.91
17-12-2018,71.599
18-12-2018,70.609
19-12-2018,70.679
20-12-2018,69.962
21-12-2018,70.34
24-12-2018,70.099
25-12-2018,70.029
26-12-2018,70.17
27-12-2018,70.09
28-12-2018,69.81
31-12-2018,69.559
01-01-2019,69.447
02-01-2019,69.979
03-01-2019,70.19
04-01-2019,69.539
07-01-2019,69.77
08-01-2019,70.13
09-01-2019,70.55
10-01-2019,70.409
11-01-2019,70.381
14-01-2019,70.749
15-01-2019,71.099
16-01-2019,70.969
17-01-2019,71.029
18-01-2019,71.199
21-01-2019,71.176
22-01-2019,71.23
23-01-2019,71.136
24-01-2019,70.989
25-01-2019,70.889
28-01-2019,71.075
29-01-2019,71.407
30-01-2019,71.219
31-01-2019,70.949
01-02-2019,71.45
04-02-2019,71.68
05-02-2019,71.509
06-02-2019,71.539
07-02-2019,71.289
08-02-2019,71.159
11-02-2019,71.129
12-02-2019,70.535
13-02-2019,70.869
14-02-2019,71.017
15-02-2019,71.319
18-02-2019,71.37
19-02-2019,71.3
20-02-2019,71.046
21-02-2019,71.15
22-02-2019,71.019
25-02-2019,70.817
26-02-2019,70.999
27-02-2019,71.189
28-02-2019,70.8
01-03-2019,70.989
04-03-2019,70.899
05-03-2019,70.47
06-03-2019,70.069
07-03-2019,70.093
08-03-2019,69.994
11-03-2019,69.79
12-03-2019,69.614
13-03-2019,69.64
14-03-2019,69.359
15-03-2019,68.937
18-03-2019,68.619
19-03-2019,69.009
20-03-2019,68.5
21-03-2019,68.75
22-03-2019,69.16
25-03-2019,68.92
26-03-2019,68.985
27-03-2019,69.089
28-03-2019,69.172
29-03-2019,69.179
01-04-2019,69.189
02-04-2019,68.909
03-04-2019,68.439
04-04-2019,68.969
05-04-2019,69.159
08-04-2019,69.527
09-04-2019,69.247
10-04-2019,69.139
11-04-2019,69.01
12-04-2019,69.18
15-04-2019,69.379
16-04-2019,69.519
17-04-2019,69.411
18-04-2019,69.411
19-04-2019,69.401
22-04-2019,69.69
23-04-2019,69.76
24-04-2019,69.95
25-04-2019,70.16
26-04-2019,69.84
29-04-2019,69.836
30-04-2019,69.56
01-05-2019,69.522
02-05-2019,69.399
03-05-2019,69.078
06-05-2019,69.369
07-05-2019,69.585
08-05-2019,69.708
09-05-2019,70.189
10-05-2019,69.998
13-05-2019,70.559
14-05-2019,70.315
15-05-2019,70.193
16-05-2019,70.119
17-05-2019,70.277
20-05-2019,69.589
21-05-2019,69.629
22-05-2019,69.639
23-05-2019,69.66
24-05-2019,69.36
27-05-2019,69.487
28-05-2019,69.59
29-05-2019,69.81
30-05-2019,69.82
31-05-2019,69.57
03-06-2019,69.154
04-06-2019,69.277
05-06-2019,69.389
06-06-2019,69.149
07-06-2019,69.34
10-06-2019,69.519
11-06-2019,69.379
12-06-2019,69.369
13-06-2019,69.545
14-06-2019,69.813
17-06-2019,69.844
18-06-2019,69.51
19-06-2019,69.64
20-06-2019,69.51
21-06-2019,69.61
24-06-2019,69.246
25-06-2019,69.313
26-06-2019,69.19
27-06-2019,69.037
28-06-2019,68.939
01-07-2019,68.879
02-07-2019,68.88
03-07-2019,68.79
04-07-2019,68.503
05-07-2019,68.44
08-07-2019,68.61
09-07-2019,68.55
10-07-2019,68.399
11-07-2019,68.4
12-07-2019,68.55
15-07-2019,68.53
16-07-2019,68.64
17-07-2019,68.829
18-07-2019,68.85
19-07-2019,68.85
22-07-2019,68.92
23-07-2019,69.01
24-07-2019,68.97
25-07-2019,69.029
26-07-2019,68.87
29-07-2019,68.75
30-07-2019,68.838
31-07-2019,68.86
01-08-2019,69.053
02-08-2019,69.69
05-08-2019,71.17
06-08-2019,70.896
07-08-2019,71.23
08-08-2019,70.41
09-08-2019,70.906
12-08-2019,71.266
13-08-2019,71.399
14-08-2019,71.27
15-08-2019,71.4
16-08-2019,71.149
19-08-2019,71.438
20-08-2019,71.535
21-08-2019,71.426
22-08-2019,71.91
23-08-2019,71.491
26-08-2019,72.01
27-08-2019,71.53
28-08-2019,71.795
29-08-2019,71.68
30-08-2019,71.73
02-09-2019,71.952
03-09-2019,72.159
04-09-2019,71.965
05-09-2019,71.913
06-09-2019,71.629
09-09-2019,71.749
10-09-2019,71.87
11-09-2019,71.56
12-09-2019,70.939
13-09-2019,71.01
16-09-2019,71.559
17-09-2019,71.37
18-09-2019,71.13
19-09-2019,71.37
20-09-2019,71.059
23-09-2019,70.785
24-09-2019,70.946
25-09-2019,70.971
26-09-2019,70.934
27-09-2019,70.64
30-09-2019,70.64
01-10-2019,71.1
02-10-2019,71.14
03-10-2019,71.019
04-10-2019,70.819
07-10-2019,70.966
08-10-2019,71.209
09-10-2019,71.109
10-10-2019,70.979
11-10-2019,70.912
14-10-2019,71.225
15-10-2019,71.49
16-10-2019,71.352
17-10-2019,71.119
18-10-2019,71.079
21-10-2019,70.899
22-10-2019,70.807
23-10-2019,70.709
24-10-2019,70.959
25-10-2019,70.809
28-10-2019,70.739
29-10-2019,70.879
30-10-2019,70.951
31-10-2019,71.06
01-11-2019,70.758
04-11-2019,70.786
05-11-2019,70.769
06-11-2019,70.999
07-11-2019,71.044
08-11-2019,71.35
11-11-2019,71.559
12-11-2019,71.78
13-11-2019,72.139
14-11-2019,71.953
15-11-2019,71.639
18-11-2019,71.939
19-11-2019,71.819
20-11-2019,71.742
21-11-2019,71.739
22-11-2019,71.785
25-11-2019,71.684
26-11-2019,71.469
27-11-2019,71.249
28-11-2019,71.499
29-11-2019,71.745
02-12-2019,71.619
03-12-2019,71.73
04-12-2019,71.48
05-12-2019,71.23
06-12-2019,71.267
09-12-2019,70.959
10-12-2019,70.799
11-12-2019,70.699
12-12-2019,70.559
13-12-2019,70.66
16-12-2019,70.909
17-12-2019,71.029
18-12-2019,70.989
19-12-2019,71.17
20-12-2019,71.05
23-12-2019,71.209
24-12-2019,71.269
25-12-2019,71.269
26-12-2019,71.289
27-12-2019,71.409
30-12-2019,71.309
31-12-2019,71.349
01-01-2020,71.222
02-01-2020,71.22
03-01-2020,71.759
06-01-2020,71.863
07-01-2020,71.84
08-01-2020,71.506
09-01-2020,71.2
10-01-2020,70.95
13-01-2020,70.699
14-01-2020,70.839
15-01-2020,70.709
16-01-2020,70.952
17-01-2020,71.075
20-01-2020,71.03
21-01-2020,71.17
22-01-2020,71.07
23-01-2020,71.39
24-01-2020,71.32
27-01-2020,71.439
28-01-2020,71.229
29-01-2020,71.3
30-01-2020,71.56
31-01-2020,71.52
03-02-2020,71.32
04-02-2020,71.099
05-02-2020,71.179
06-02-2020,71.222
07-02-2020,71.499
10-02-2020,71.279
11-02-2020,71.279
12-02-2020,71.289
13-02-2020,71.33
14-02-2020,71.526
17-02-2020,71.319
18-02-2020,71.569
19-02-2020,71.589
20-02-2020,71.67
21-02-2020,71.87
24-02-2020,72.05
25-02-2020,71.869
26-02-2020,71.576
27-02-2020,71.649
28-02-2020,72.533
02-03-2020,72.35
03-03-2020,73.27
04-03-2020,73.529
05-03-2020,73.9
06-03-2020,74.01
09-03-2020,74.39
10-03-2020,73.56
11-03-2020,74.17
12-03-2020,74.559
13-03-2020,73.838
16-03-2020,73.997
17-03-2020,74.06
18-03-2020,74.546
19-03-2020,75.04
20-03-2020,75.394
23-03-2020,76.32
24-03-2020,76.369
25-03-2020,75.75
26-03-2020,74.74
27-03-2020,75.12
30-03-2020,75.39
31-03-2020,75.31
01-04-2020,76.57
02-04-2020,76.27
03-04-2020,76.41
06-04-2020,75.96
07-04-2020,75.62
08-04-2020,75.93
09-04-2020,75.97
10-04-2020,75.869
13-04-2020,76.24
14-04-2020,76.01
15-04-2020,76.559
16-04-2020,76.819
17-04-2020,76.54
20-04-2020,76.6
21-04-2020,76.97
22-04-2020,76.4
23-04-2020,75.89
24-04-2020,76.26
27-04-2020,76.227
28-04-2020,76.06
29-04-2020,75.27
30-04-2020,75.4
01-05-2020,75.746
04-05-2020,75.63
05-05-2020,75.717
06-05-2020,76.09
07-05-2020,75.785
08-05-2020,75.51
11-05-2020,75.86
12-05-2020,75.3
13-05-2020,75.36
14-05-2020,75.48
15-05-2020,75.817
18-05-2020,75.6
19-05-2020,75.7
20-05-2020,75.54
21-05-2020,75.601
22-05-2020,75.946
25-05-2020,75.946
26-05-2020,75.655
27-05-2020,75.91
28-05-2020,75.741
29-05-2020,75.611
01-06-2020,75.5
02-06-2020,75.05
03-06-2020,75.457
04-06-2020,75.43
05-06-2020,75.58
08-06-2020,75.38
09-06-2020,75.607
10-06-2020,75.67
11-06-2020,75.97
12-06-2020,75.779
15-06-2020,75.779
16-06-2020,76.42
17-06-2020,76.148
18-06-2020,76.39
19-06-2020,76.184
22-06-2020,75.78
23-06-2020,75.643
24-06-2020,75.643
25-06-2020,75.528
26-06-2020,75.608
29-06-2020,75.498
30-06-2020,75.538
01-07-2020,75.438
02-07-2020,74.738
03-07-2020,74.632
06-07-2020,74.628
07-07-2020,74.803
08-07-2020,74.938
09-07-2020,75.138
10-07-2020,75.188
13-07-2020,75.185
14-07-2020,75.375
15-07-2020,75.118
16-07-2020,75.168
17-07-2020,74.882
20-07-2020,74.738
21-07-2020,74.528
22-07-2020,74.598
23-07-2020,74.808
24-07-2020,74.748
27-07-2020,74.788
28-07-2020,74.905
29-07-2020,74.921
30-07-2020,74.873
31-07-2020,74.914
03-08-2020,75.178
04-08-2020,75.058
05-08-2020,74.796
06-08-2020,74.89
07-08-2020,74.97
10-08-2020,74.91
11-08-2020,74.6
12-08-2020,74.727
13-08-2020,74.806
14-08-2020,74.853
17-08-2020,74.73
18-08-2020,74.623
19-08-2020,74.846
20-08-2020,75.012
21-08-2020,74.92
24-08-2020,74.169
25-08-2020,74.201
26-08-2020,74.219
27-08-2020,73.895
28-08-2020,73.116
31-08-2020,73.254
01-09-2020,73.002
02-09-2020,73.269
03-09-2020,73.4
04-09-2020,73.289
07-09-2020,73.436
08-09-2020,73.74
09-09-2020,73.3
10-09-2020,73.56
11-09-2020,73.47
14-09-2020,73.39
15-09-2020,73.6
16-09-2020,73.48
17-09-2020,73.6
18-09-2020,73.538
21-09-2020,73.57
22-09-2020,73.51
23-09-2020,73.57
24-09-2020,73.897
25-09-2020,73.707
28-09-2020,73.76
29-09-2020,73.778
30-09-2020,73.54
01-10-2020,73.192
02-10-2020,73.346
05-10-2020,73.08
06-10-2020,73.399
07-10-2020,73.345
08-10-2020,73.325
09-10-2020,73.01
12-10-2020,73.358
13-10-2020,73.454
14-10-2020,73.24
15-10-2020,73.42
16-10-2020,73.43
19-10-2020,73.35
20-10-2020,73.44
21-10-2020,73.65
22-10-2020,73.66
23-10-2020,73.87
26-10-2020,73.917
27-10-2020,73.82
28-10-2020,74.17
29-10-2020,74.39
30-10-2020,74.54
02-11-2020,74.507
03-11-2020,74.601
04-11-2020,74.715
05-11-2020,73.926
06-11-2020,73.97
09-11-2020,73.95
10-11-2020,74.28
11-11-2020,74.215
12-11-2020,74.63
13-11-2020,74.563
16-11-2020,74.37
17-11-2020,74.47
18-11-2020,74.11
19-11-2020,74.1
20-11-2020,74.116
23-11-2020,74.25
24-11-2020,74.083
25-11-2020,73.768
26-11-2020,73.827
27-11-2020,73.92
30-11-2020,73.99
01-12-2020,73.68
02-12-2020,73.8
03-12-2020,73.809
04-12-2020,73.758
07-12-2020,73.74
08-12-2020,73.68
09-12-2020,73.5525
10-12-2020,73.723
11-12-2020,73.75
14-12-2020,73.643
15-12-2020,73.55
16-12-2020,73.64
17-12-2020,73.52
18-12-2020,73.53
21-12-2020,74.013
22-12-2020,73.853
23-12-2020,73.77
24-12-2020,73.53
25-12-2020,73.556
28-12-2020,73.5
29-12-2020,73.39
30-12-2020,73.119
31-12-2020,73.036
01-01-2021,73.12
04-01-2021,73.07
05-01-2021,73.105
06-01-2021,73.118
07-01-2021,73.46
08-01-2021,73.31
11-01-2021,73.456
12-01-2021,73.232
13-01-2021,73.14
14-01-2021,73.065
15-01-2021,73.16
18-01-2021,73.181
19-01-2021,73.16
20-01-2021,72.91
21-01-2021,72.97
22-01-2021,72.976
25-01-2021,72.97
26-01-2021,72.91
27-01-2021,73.06
28-01-2021,72.93
29-01-2021,72.906
01-02-2021,73.11
02-02-2021,72.96
03-02-2021,72.81
04-02-2021,72.965
05-02-2021,72.81
08-02-2021,72.9
09-02-2021,72.86
10-02-2021,72.79
11-02-2021,72.7
12-02-2021,72.58
15-02-2021,72.618
16-02-2021,72.92
17-02-2021,72.815
18-02-2021,72.59
19-02-2021,72.55
22-02-2021,72.44
23-02-2021,72.38
24-02-2021,72.21
25-02-2021,72.741
26-02-2021,73.917
01-03-2021,73.395
02-03-2021,73.25
03-03-2021,72.91
04-03-2021,73.16
05-03-2021,73.14
08-03-2021,73.32
09-03-2021,72.8
10-03-2021,72.718
11-03-2021,72.694
12-03-2021,72.68
15-03-2021,72.535
16-03-2021,72.51
17-03-2021,72.4
18-03-2021,72.67
19-03-2021,72.402
22-03-2021,72.37
23-03-2021,72.51
24-03-2021,72.58
25-03-2021,72.66
26-03-2021,72.648
29-03-2021,72.748
30-03-2021,73.44
31-03-2021,73.137
01-04-2021,73.328
02-04-2021,73.37
05-04-2021,73.32
06-04-2021,73.486
07-04-2021,74.352
08-04-2021,74.561
09-04-2021,74.719
12-04-2021,74.98
13-04-2021,75.26
14-04-2021,75.05
15-04-2021,74.81
16-04-2021,74.479
19-04-2021,74.85
20-04-2021,75.44
21-04-2021,75.421
22-04-2021,75.11
23-04-2021,74.92
26-04-2021,74.69
27-04-2021,74.58
28-04-2021,74.489
29-04-2021,74.073
30-04-2021,74.05
03-05-2021,73.9
04-05-2021,73.76
05-05-2021,73.81
06-05-2021,73.59
07-05-2021,73.3
10-05-2021,73.43
11-05-2021,73.37
12-05-2021,73.53
13-05-2021,73.46
14-05-2021,73.231
17-05-2021,73.296
18-05-2021,73.05
19-05-2021,73.2
20-05-2021,73.01
21-05-2021,72.817
24-05-2021,72.83
25-05-2021,72.778
26-05-2021,72.64
27-05-2021,72.7
28-05-2021,72.4
31-05-2021,72.511
01-06-2021,72.85
02-06-2021,72.95
03-06-2021,73.006
04-06-2021,72.869
07-06-2021,72.786
08-06-2021,72.93
09-06-2021,72.98
10-06-2021,73.1
11-06-2021,73.237
14-06-2021,73.18
15-06-2021,73.35
16-06-2021,73.27
17-06-2021,74.149
18-06-2021,74.139
21-06-2021,74.13
22-06-2021,74.33
23-06-2021,74.14
24-06-2021,74.144
25-06-2021,74.145
28-06-2021,74.27
29-06-2021,74.29
30-06-2021,74.36
01-07-2021,74.56
02-07-2021,74.512
05-07-2021,74.294
06-07-2021,74.74
07-07-2021,74.805
08-07-2021,74.73
09-07-2021,74.49
12-07-2021,74.53
13-07-2021,74.57
14-07-2021,74.46
15-07-2021,74.54
16-07-2021,74.608
19-07-2021,74.851
20-07-2021,74.53
21-07-2021,74.486
22-07-2021,74.45
23-07-2021,74.425
26-07-2021,74.33
27-07-2021,74.498
28-07-2021,74.5
29-07-2021,74.246
30-07-2021,74.337
02-08-2021,74.354
03-08-2021,74.249
04-08-2021,74.149
05-08-2021,74.098
06-08-2021,74.24
09-08-2021,74.475
10-08-2021,74.43
11-08-2021,74.14
12-08-2021,74.293
13-08-2021,74.239
16-08-2021,74.16
17-08-2021,74.37
18-08-2021,74.27
19-08-2021,74.37
20-08-2021,74.347
23-08-2021,74.12
24-08-2021,74.135
25-08-2021,74.11
26-08-2021,74.14
27-08-2021,73.47
30-08-2021,73.292
31-08-2021,72.947
01-09-2021,72.994
02-09-2021,72.996
03-09-2021,72.982
06-09-2021,73.073
07-09-2021,73.44
08-09-2021,73.841
09-09-2021,73.56
10-09-2021,73.514
13-09-2021,73.55
14-09-2021,73.64
15-09-2021,73.465
16-09-2021,73.556
17-09-2021,73.64
20-09-2021,73.64
21-09-2021,73.707
22-09-2021,73.8
23-09-2021,73.8
24-09-2021,73.814
27-09-2021,73.858
28-09-2021,74.207
29-09-2021,74.308
30-09-2021,74.17
01-10-2021,74.13
04-10-2021,74.568
05-10-2021,74.54
06-10-2021,74.758
07-10-2021,74.805
08-10-2021,75.117
11-10-2021,75.393
12-10-2021,75.483
13-10-2021,75.281
14-10-2021,74.97
15-10-2021,75.028
18-10-2021,75.19
19-10-2021,75.105
20-10-2021,74.785
21-10-2021,74.864
22-10-2021,74.979
25-10-2021,75.087
26-10-2021,74.898
27-10-2021,75.01
28-10-2021,74.79
29-10-2021,74.915
01-11-2021,74.845
02-11-2021,74.639
03-11-2021,74.43
04-11-2021,74.464
05-11-2021,74.174
08-11-2021,73.899
09-11-2021,74.17
10-11-2021,74.393
11-11-2021,74.3
12-11-2021,74.319
15-11-2021,74.381
16-11-2021,74.452
17-11-2021,74.248
18-11-2021,74.16
19-11-2021,74.333
22-11-2021,74.423
23-11-2021,74.435
24-11-2021,74.585
25-11-2021,74.478
26-11-2021,75
29-11-2021,75.033
30-11-2021,75.09
01-12-2021,75.009
02-12-2021,74.962
03-12-2021,75.237
06-12-2021,75.394
07-12-2021,75.416
08-12-2021,75.355
09-12-2021,75.555
10-12-2021,75.692
13-12-2021,75.778
14-12-2021,75.985
15-12-2021,76.34
16-12-2021,76.217
17-12-2021,75.976
20-12-2021,75.819
21-12-2021,75.648
22-12-2021,75.47
23-12-2021,75.091
24-12-2021,75.03
27-12-2021,74.96
28-12-2021,74.7
29-12-2021,74.576
30-12-2021,74.4
31-12-2021,74.464
03-01-2022,74.369
04-01-2022,74.502
05-01-2022,74.27
06-01-2022,74.38
07-01-2022,74.271
10-01-2022,74.02
11-01-2022,73.781
12-01-2022,73.766
13-01-2022,73.937
14-01-2022,74.151
17-01-2022,74.258
18-01-2022,74.56
19-01-2022,74.438
20-01-2022,74.446
21-01-2022,74.388
24-01-2022,74.644
25-01-2022,74.771
26-01-2022,74.874
27-01-2022,75.221
28-01-2022,75.034
31-01-2022,74.539
01-02-2022,74.724
02-02-2022,74.796
03-02-2022,74.639
04-02-2022,74.64
07-02-2022,74.638
08-02-2022,74.69
09-02-2022,74.778
10-02-2022,75.34
11-02-2022,75.319
14-02-2022,75.658
15-02-2022,75.134
16-02-2022,74.992
17-02-2022,75.063
18-02-2022,74.66
21-02-2022,74.495
22-02-2022,74.62
23-02-2022,74.64
24-02-2022,75.656
25-02-2022,75.086
28-02-2022,75.499
01-03-2022,75.772
02-03-2022,75.621
03-03-2022,75.943
04-03-2022,76.36
07-03-2022,76.92
08-03-2022,76.86
09-03-2022,76.355
10-03-2022,76.297
11-03-2022,76.71
14-03-2022,76.48
15-03-2022,76.28
16-03-2022,76.19
17-03-2022,75.947
18-03-2022,76.05
21-03-2022,76.28
22-03-2022,76.12
23-03-2022,76.5
24-03-2022,76.3
25-03-2022,76.25
28-03-2022,76.12
29-03-2022,75.63
30-03-2022,75.84
31-03-2022,75.931
01-04-2022,75.963
04-04-2022,75.429
05-04-2022,75.4
06-04-2022,75.929
07-04-2022,75.891
08-04-2022,75.923
11-04-2022,75.829
12-04-2022,76.12
13-04-2022,76.105
14-04-2022,76.265
15-04-2022,76.32
18-04-2022,76.259
19-04-2022,76.419
20-04-2022,76.259
21-04-2022,76.245
22-04-2022,76.49
25-04-2022,76.53
26-04-2022,76.75
27-04-2022,76.607
28-04-2022,76.63
29-04-2022,76.482
02-05-2022,76.52
03-05-2022,76.46
04-05-2022,76.246
05-05-2022,76.519
06-05-2022,76.957
09-05-2022,77.35
10-05-2022,77.202
11-05-2022,77.349
12-05-2022,77.43
13-05-2022,77.47
16-05-2022,77.811
17-05-2022,77.454
18-05-2022,77.81
19-05-2022,77.4
20-05-2022,77.855
23-05-2022,77.527
24-05-2022,77.448
25-05-2022,77.519
26-05-2022,77.644
27-05-2022,77.606
30-05-2022,77.527
31-05-2022,77.582
01-06-2022,77.529
02-06-2022,77.371
03-06-2022,77.602
06-06-2022,77.796
07-06-2022,77.646
08-06-2022,77.686
09-06-2022,77.8
10-06-2022,78.096
13-06-2022,78.076
14-06-2022,77.994
15-06-2022,78.138
16-06-2022,77.899
17-06-2022,77.924
20-06-2022,77.893
21-06-2022,78.111
22-06-2022,78.18
23-06-2022,78.111
24-06-2022,78.23
27-06-2022,78.42
28-06-2022,78.968
29-06-2022,78.91
30-06-2022,78.95
01-07-2022,78.919
04-07-2022,78.909
05-07-2022,79.271
06-07-2022,79.02
07-07-2022,79.14
08-07-2022,79.27
11-07-2022,79.41
12-07-2022,79.46
13-07-2022,79.65
14-07-2022,79.89
15-07-2022,79.76
18-07-2022,80
19-07-2022,79.86
20-07-2022,79.98
21-07-2022,79.86
22-07-2022,79.82
25-07-2022,79.691
26-07-2022,79.852
27-07-2022,79.845
28-07-2022,79.627
29-07-2022,79.335
01-08-2022,78.967
02-08-2022,78.587
03-08-2022,79.07
04-08-2022,79.15
05-08-2022,79.35
08-08-2022,79.587
09-08-2022,79.563
10-08-2022,79.051
11-08-2022,79.56
12-08-2022,79.62
15-08-2022,79.532
16-08-2022,79.24
17-08-2022,79.35
18-08-2022,79.73
19-08-2022,79.91
22-08-2022,79.85
23-08-2022,79.849
24-08-2022,79.792
25-08-2022,79.869
26-08-2022,79.964
29-08-2022,79.954
30-08-2022,79.678
31-08-2022,79.506
01-09-2022,79.685
02-09-2022,79.717
05-09-2022,79.788
06-09-2022,79.887
07-09-2022,79.617
08-09-2022,79.697
09-09-2022,79.648
12-09-2022,79.313
13-09-2022,79.577
14-09-2022,79.444
15-09-2022,79.83
16-09-2022,79.656
19-09-2022,79.686
20-09-2022,79.73
21-09-2022,79.923
22-09-2022,81.04
23-09-2022,81.25
26-09-2022,81.61
27-09-2022,81.707
28-09-2022,81.411
29-09-2022,81.471
30-09-2022,81.501
03-10-2022,81.49
04-10-2022,81.452
05-10-2022,81.631
06-10-2022,82.328
07-10-2022,82.812
10-10-2022,82.397
11-10-2022,82.254
12-10-2022,82.179
13-10-2022,82.172
14-10-2022,82.275
17-10-2022,82.175
18-10-2022,82.281
19-10-2022,83.008
20-10-2022,82.744
21-10-2022,82.525
24-10-2022,82.746
25-10-2022,82.515
26-10-2022,81.901
27-10-2022,82.364
28-10-2022,82.266
31-10-2022,82.745
01-11-2022,82.608
02-11-2022,82.712
03-11-2022,82.726
04-11-2022,81.968
07-11-2022,81.82
08-11-2022,81.385
09-11-2022,81.333
10-11-2022,80.624
11-11-2022,80.477
14-11-2022,80.965
15-11-2022,81.061
16-11-2022,81.444
17-11-2022,81.58
18-11-2022,81.618
21-11-2022,81.699
22-11-2022,81.714
23-11-2022,81.604
24-11-2022,81.613
25-11-2022,81.685
28-11-2022,81.64
29-11-2022,81.623
30-11-2022,81.353
01-12-2022,81.167
02-12-2022,81.41
05-12-2022,81.89
06-12-2022,82.418
07-12-2022,82.24
08-12-2022,82.281
09-12-2022,82.463
12-12-2022,82.609
13-12-2022,82.375
14-12-2022,82.507
15-12-2022,82.825
16-12-2022,82.706
19-12-2022,82.649
20-12-2022,82.584
21-12-2022,82.877
22-12-2022,82.96
23-12-2022,82.76
26-12-2022,82.65
27-12-2022,82.856
28-12-2022,82.85
29-12-2022,82.84
30-12-2022,82.71
02-01-2023,82.725
03-01-2023,82.754
04-01-2023,82.663
05-01-2023,82.548
06-01-2023,82.27
09-01-2023,82.07
10-01-2023,81.582
11-01-2023,81.617
12-01-2023,81.17
13-01-2023,81.25
16-01-2023,81.608
17-01-2023,81.552
18-01-2023,81.313
19-01-2023,81.259
20-01-2023,80.962
23-01-2023,81.458
24-01-2023,81.574
25-01-2023,81.471
26-01-2023,81.398
27-01-2023,81.5
30-01-2023,81.451
31-01-2023,81.719
01-02-2023,81.71
02-02-2023,82.019
03-02-2023,82.43
06-02-2023,82.72
07-02-2023,82.792
08-02-2023,82.63
09-02-2023,82.491
10-02-2023,82.49
13-02-2023,82.572
14-02-2023,82.89
15-02-2023,82.73
16-02-2023,82.69
17-02-2023,82.73
20-02-2023,82.673
21-02-2023,82.822
22-02-2023,82.81
23-02-2023,82.57
24-02-2023,82.81
27-02-2023,82.622
28-02-2023,82.62
01-03-2023,82.41
02-03-2023,82.33
03-03-2023,81.66
06-03-2023,81.79
07-03-2023,81.98
08-03-2023,81.93
09-03-2023,82
10-03-2023,81.913
13-03-2023,82.41
14-03-2023,82.225
15-03-2023,82.86
16-03-2023,82.569
17-03-2023,82.5
20-03-2023,82.495
21-03-2023,82.652
22-03-2023,82.485
23-03-2023,82.216
24-03-2023,82.315
27-03-2023,82.16
28-03-2023,82.139
29-03-2023,82.158
30-03-2023,82.06
31-03-2023,82.14
03-04-2023,82.16
04-04-2023,82.07
05-04-2023,81.925
06-04-2023,81.8
07-04-2023,81.84
10-04-2023,81.945
11-04-2023,82.01
12-04-2023,81.91
13-04-2023,81.63
14-04-2023,81.8
17-04-2023,81.96
18-04-2023,82.06
19-04-2023,82.279
20-04-2023,82.1
21-04-2023,82.01
24-04-2023,81.93
25-04-2023,81.945
26-04-2023,81.72
27-04-2023,81.69
28-04-2023,81.7
01-05-2023,81.75
02-05-2023,81.73
03-05-2023,81.735
04-05-2023,81.674
05-05-2023,81.7
08-05-2023,81.75
09-05-2023,82.1
10-05-2023,81.889
11-05-2023,82.07
12-05-2023,82.21
15-05-2023,82.217
16-05-2023,82.244
17-05-2023,82.425
18-05-2023,82.7
19-05-2023,82.832
22-05-2023,82.81
23-05-2023,82.81
24-05-2023,82.65
25-05-2023,82.713
26-05-2023,82.55
29-05-2023,82.564
30-05-2023,82.645
31-05-2023,82.641
01-06-2023,82.246
02-06-2023,82.378
05-06-2023,82.5
06-06-2023,82.49
07-06-2023,82.593
08-06-2023,82.48
09-06-2023,82.42
12-06-2023,82.37
13-06-2023,82.209
14-06-2023,82.02
15-06-2023,81.88
16-06-2023,81.89
19-06-2023,81.89
20-06-2023,81.951
21-06-2023,81.93
22-06-2023,81.93
23-06-2023,81.96
26-06-2023,81.982
27-06-2023,81.963
28-06-2023,82
29-06-2023,82.05
30-06-2023,82.03
03-07-2023,81.97
04-07-2023,81.926
05-07-2023,82.369
06-07-2023,82.738
07-07-2023,82.59
10-07-2023,82.58
11-07-2023,82.371
12-07-2023,81.952
13-07-2023,82.02
14-07-2023,82.029
17-07-2023,82.006
18-07-2023,82.04
19-07-2023,82.03
20-07-2023,82.058
21-07-2023,81.96
24-07-2023,81.789
25-07-2023,81.854
26-07-2023,81.93
27-07-2023,82.13
28-07-2023,82.205
31-07-2023,82.214
01-08-2023,82.294
02-08-2023,82.704
03-08-2023,82.89
04-08-2023,82.653
07-08-2023,82.73
08-08-2023,82.836
09-08-2023,82.82
10-08-2023,82.601
11-08-2023,82.849
14-08-2023,83.16
15-08-2023,83.39
16-08-2023,83.189
17-08-2023,83.13
18-08-2023,83.121
21-08-2023,83.07
22-08-2023,83.02
23-08-2023,82.502
24-08-2023,82.552
25-08-2023,82.617
28-08-2023,82.58
29-08-2023,82.554
30-08-2023,82.587
31-08-2023,82.682
01-09-2023,82.669
04-09-2023,82.698
05-09-2023,83.013
06-09-2023,83.178
07-09-2023,83.13
08-09-2023,82.984
11-09-2023,82.856
12-09-2023,82.85
13-09-2023,82.861
14-09-2023,82.99
15-09-2023,83.049
18-09-2023,83.22
19-09-2023,83.29
20-09-2023,82.9
21-09-2023,83.09
22-09-2023,82.95
25-09-2023,83.11
26-09-2023,83.248
27-09-2023,83.156
28-09-2023,83.108
29-09-2023,83.056
02-10-2023,83.2
03-10-2023,83.202
04-10-2023,83.23
05-10-2023,83.199
06-10-2023,83.098
09-10-2023,83.234
10-10-2023,83.142
11-10-2023,83.15
12-10-2023,83.27
13-10-2023,83.235
16-10-2023,83.19
17-10-2023,83.23
18-10-2023,83.252
19-10-2023,83.082
20-10-2023,83.13
23-10-2023,83.05
24-10-2023,82.99
25-10-2023,83.116
26-10-2023,83.223
27-10-2023,83.245
30-10-2023,83.23
31-10-2023,83.231
01-11-2023,83.217
02-11-2023,83.214
03-11-2023,83.12
06-11-2023,83.198
07-11-2023,83.21
08-11-2023,83.193
09-11-2023,83.295
10-11-2023,83.289
13-11-2023,83.188
14-11-2023,82.953
15-11-2023,83.168
16-11-2023,83.132
17-11-2023,83.224
20-11-2023,83.314
21-11-2023,83.26
22-11-2023,83.272
23-11-2023,83.285
24-11-2023,83.32
27-11-2023,83.31
28-11-2023,83.32
29-11-2023,83.333
30-11-2023,83.337
01-12-2023,83.24
04-12-2023,83.408
05-12-2023,83.3
06-12-2023,83.314
07-12-2023,83.324
08-12-2023,83.407
11-12-2023,83.362
12-12-2023,83.375
13-12-2023,83.33
14-12-2023,83.287
15-12-2023,82.974
18-12-2023,83.124
19-12-2023,83.086
20-12-2023,83.121
21-12-2023,83.194
22-12-2023,83.099
25-12-2023,83.144
26-12-2023,83.159
27-12-2023,83.242
28-12-2023,83.149
29-12-2023,83.17
01-01-2024,83.217
02-01-2024,83.234
03-01-2024,83.266
04-01-2024,83.223
05-01-2024,83.075
08-01-2024,83
09-01-2024,83.089
10-01-2024,83
11-01-2024,83.043
12-01-2024,82.838
15-01-2024,82.807
16-01-2024,83.065
17-01-2024,83.162
18-01-2024,83.127
19-01-2024,83.066
22-01-2024,83.055
23-01-2024,83.125
24-01-2024,83.067
25-01-2024,83.121
26-01-2024,83.101
29-01-2024,83.14
30-01-2024,83.09
31-01-2024,83.05
01-02-2024,82.908
02-02-2024,82.979
05-02-2024,83.009
06-02-2024,83.04
07-02-2024,82.953
08-02-2024,82.959
09-02-2024,82.979
12-02-2024,82.93
13-02-2024,83.074
14-02-2024,82.989
15-02-2024,82.967
16-02-2024,82.992
19-02-2024,83.003
20-02-2024,82.851
21-02-2024,82.87
22-02-2024,82.833
23-02-2024,82.839
26-02-2024,82.826
27-02-2024,82.857
28-02-2024,82.859
29-02-2024,82.88
01-03-2024,82.823
04-03-2024,82.859
05-03-2024,82.871
06-03-2024,82.762
07-03-2024,82.666
08-03-2024,82.716
11-03-2024,82.72
12-03-2024,82.819
13-03-2024,82.812
14-03-2024,82.895
15-03-2024,82.863
18-03-2024,82.896
19-03-2024,82.987
20-03-2024,83.156
21-03-2024,83.185
22-03-2024,83.512
25-03-2024,83.386
26-03-2024,83.322
27-03-2024,83.334
28-03-2024,83.332
29-03-2024,83.34
01-04-2024,83.34
02-04-2024,83.302
03-04-2024,83.453
04-04-2024,83.343
05-04-2024,83.273
08-04-2024,83.27
09-04-2024,83.199
10-04-2024,83.388
11-04-2024,83.304
12-04-2024,83.52
15-04-2024,83.487
16-04-2024,83.648
17-04-2024,83.618
18-04-2024,83.511
19-04-2024,83.336
22-04-2024,83.34
23-04-2024,83.243
24-04-2024,83.3
25-04-2024,83.29
26-04-2024,83.378
29-04-2024,83.39
30-04-2024,83.45
01-05-2024,83.46
02-05-2024,83.415
03-05-2024,83.356
06-05-2024,83.432
07-05-2024,83.437
08-05-2024,83.443
09-05-2024,83.42
10-05-2024,83.521
13-05-2024,83.486
14-05-2024,83.462
15-05-2024,83.391
16-05-2024,83.441
17-05-2024,83.261
20-05-2024,83.253
21-05-2024,83.25
22-05-2024,83.242
23-05-2024,83.261
24-05-2024,83.013
27-05-2024,83.112
28-05-2024,83.136
29-05-2024,83.331
30-05-2024,83.26
31-05-2024,83.412
03-06-2024,83.063
04-06-2024,83.504
05-06-2024,83.48
06-06-2024,83.447
07-06-2024,83.5
10-06-2024,83.48
11-06-2024,83.575
12-06-2024,83.412
13-06-2024,83.506
14-06-2024,83.527
17-06-2024,83.53
18-06-2024,83.313
19-06-2024,83.44
20-06-2024,83.6
21-06-2024,83.537
24-06-2024,83.402
25-06-2024,83.405
26-06-2024,83.554
27-06-2024,83.433
28-06-2024,83.335
01-07-2024,83.414
02-07-2024,83.45
03-07-2024,83.47
04-07-2024,83.471
05-07-2024,83.48
08-07-2024,83.433
09-07-2024,83.467
10-07-2024,83.49
11-07-2024,83.482
12-07-2024,83.493
15-07-2024,83.531
16-07-2024,83.526
17-07-2024,83.529
18-07-2024,83.591
19-07-2024,83.704
22-07-2024,83.64
23-07-2024,83.679
24-07-2024,83.72
25-07-2024,83.735
26-07-2024,83.684
29-07-2024,83.729
30-07-2024,83.69
31-07-2024,83.68
01-08-2024,83.728
02-08-2024,83.775
05-08-2024,83.998
06-08-2024,83.886
07-08-2024,83.865
08-08-2024,83.967
09-08-2024,83.925
12-08-2024,83.899
13-08-2024,83.875
14-08-2024,83.901
15-08-2024,83.92
16-08-2024,83.857
19-08-2024,83.83
20-08-2024,83.729
21-08-2024,83.875
22-08-2024,83.91
23-08-2024,83.79
26-08-2024,83.845
27-08-2024,83.896
28-08-2024,83.88
29-08-2024,83.84
30-08-2024,83.847
02-09-2024,83.899
03-09-2024,83.926
04-09-2024,83.955
05-09-2024,83.963
06-09-2024,83.964
09-09-2024,83.908
10-09-2024,83.929
11-09-2024,83.97
12-09-2024,83.902
13-09-2024,83.86
16-09-2024,83.82
17-09-2024,83.727
18-09-2024,83.62
19-09-2024,83.595
20-09-2024,83.465
23-09-2024,83.523
24-09-2024,83.566
25-09-2024,83.595
26-09-2024,83.582
27-09-2024,83.656
30-09-2024,83.735
01-10-2024,83.894
02-10-2024,83.901
03-10-2024,83.976
04-10-2024,84.003
07-10-2024,83.944
08-10-2024,83.925
09-10-2024,83.93
10-10-2024,83.92
11-10-2024,84.081
14-10-2024,84.025
15-10-2024,84.015
16-10-2024,83.985
17-10-2024,84.06
18-10-2024,84.046
21-10-2024,84.05
22-10-2024,84.037
23-10-2024,84.037
24-10-2024,84.064
25-10-2024,84.075
28-10-2024,84.04
29-10-2024,84.038
30-10-2024,84.052
31-10-2024,84.041
01-11-2024,84.06
04-11-2024,84.091
05-11-2024,84.091
06-11-2024,84.29
07-11-2024,84.273
08-11-2024,84.375
11-11-2024,84.36
12-11-2024,84.326
13-11-2024,84.396
14-11-2024,84.441
15-11-2024,84.404
18-11-2024,84.378
19-11-2024,84.335
20-11-2024,84.34
21-11-2024,84.475
22-11-2024,84.405
25-11-2024,84.22
26-11-2024,84.299
27-11-2024,84.371
28-11-2024,84.425
29-11-2024,84.539
02-12-2024,84.74
03-12-2024,84.658
04-12-2024,84.673
05-12-2024,84.661
06-12-2024,84.648
09-12-2024,84.814
10-12-2024,84.858
11-12-2024,84.775
12-12-2024,84.805
13-12-2024,84.761
16-12-2024,84.87
17-12-2024,84.882
18-12-2024,84.846
19-12-2024,85.065
20-12-2024,84.927
23-12-2024,85.075
24-12-2024,85.116
25-12-2024,85.178
26-12-2024,85.234
27-12-2024,85.368
30-12-2024,85.453
31-12-2024,85.533
01-01-2025,85.625
02-01-2025,85.725
03-01-2025,85.74
06-01-2025,85.67
07-01-2025,85.783
08-01-2025,85.87
09-01-2025,85.852
10-01-2025,86.145
13-01-2025,86.67
14-01-2025,86.515
15-01-2025,86.349
16-01-2025,86.55
17-01-2025,86.551
20-01-2025,86.189
21-01-2025,86.431
22-01-2025,86.42
23-01-2025,86.395
24-01-2025,86.141
27-01-2025,86.319
28-01-2025,86.564
29-01-2025,86.59
30-01-2025,86.525
31-01-2025,86.511
03-02-2025,86.922
04-02-2025,87.038
05-02-2025,87.316
06-02-2025,87.55
07-02-2025,87.593
10-02-2025,87.448
11-02-2025,86.767
12-02-2025,86.861
13-02-2025,86.657
14-02-2025,86.582
17-02-2025,86.789
18-02-2025,86.848
19-02-2025,86.852
20-02-2025,86.543
21-02-2025,86.59
24-02-2025,86.624
25-02-2025,87.096
26-02-2025,87.093
27-02-2025,87.297
28-02-2025,87.447
03-03-2025,87.24
04-03-2025,87.232
05-03-2025,86.847
06-03-2025,86.994
07-03-2025,87.068
10-03-2025,87.25
11-03-2025,87.156
12-03-2025,87.113
13-03-2025,86.878
14-03-2025,86.921
17-03-2025,86.651
18-03-2025,86.479
19-03-2025,86.277
20-03-2025,86.3
21-03-2025,86.305
