Date,NIFTY,S&P500
02-01-2015,8395.45,"2,058.20"
05-01-2015,8378.4,"2,020.60"
06-01-2015,8127.35,"2,002.60"
07-01-2015,8102.1,"2,025.90"
08-01-2015,8234.6,"2,062.10"
09-01-2015,8284.5,"2,044.80"
12-01-2015,8323,"2,028.30"
13-01-2015,8299.4,"2,023.00"
14-01-2015,8277.55,"2,011.30"
15-01-2015,8494.15,"1,992.70"
16-01-2015,8513.8,"2,019.40"
20-01-2015,8695.6,"2,022.50"
21-01-2015,8729.5,"2,032.10"
22-01-2015,8761.4,"2,063.20"
23-01-2015,8835.6,"2,051.80"
27-01-2015,8910.5,"2,029.50"
28-01-2015,8914.3,"2,002.20"
29-01-2015,8952.35,"2,021.20"
30-01-2015,8808.9,"1,995.00"
02-02-2015,8797.4,"2,020.80"
03-02-2015,8756.55,"2,050.00"
04-02-2015,8723.7,"2,041.50"
05-02-2015,8711.7,"2,062.50"
06-02-2015,8661.05,"2,055.50"
09-02-2015,8526.35,"2,046.70"
10-02-2015,8565.55,"2,068.60"
11-02-2015,8627.4,"2,068.50"
12-02-2015,8711.55,"2,088.50"
13-02-2015,8805.5,"2,097.00"
18-02-2015,8869.1,"2,099.70"
19-02-2015,8895.3,"2,097.40"
20-02-2015,8833.6,"2,110.30"
23-02-2015,8754.95,"2,109.70"
24-02-2015,8762.1,"2,115.50"
25-02-2015,8767.25,"2,113.90"
26-02-2015,8683.85,"2,110.70"
27-02-2015,8844.6,"2,104.50"
02-03-2015,8956.75,"2,117.40"
03-03-2015,8996.25,"2,107.80"
04-03-2015,8922.65,"2,098.50"
05-03-2015,8937.75,"2,101.00"
09-03-2015,8756.75,"2,079.40"
10-03-2015,8712.05,"2,044.20"
11-03-2015,8699.95,"2,040.20"
12-03-2015,8776,"2,065.90"
13-03-2015,8647.75,"2,053.40"
16-03-2015,8633.15,"2,081.20"
17-03-2015,8723.3,"2,074.30"
18-03-2015,8685.9,"2,099.50"
19-03-2015,8634.65,"2,089.30"
20-03-2015,8570.9,"2,108.10"
23-03-2015,8550.9,"2,104.40"
24-03-2015,8542.95,"2,091.50"
25-03-2015,8530.8,"2,061.10"
26-03-2015,8342.15,"2,056.20"
27-03-2015,8341.4,"2,061.00"
30-03-2015,8492.3,"2,086.20"
31-03-2015,8491,"2,067.90"
01-04-2015,8586.25,"2,059.70"
06-04-2015,8659.9,"2,080.60"
07-04-2015,8660.3,"2,076.30"
08-04-2015,8714.4,"2,081.90"
09-04-2015,8778.3,"2,091.20"
10-04-2015,8780.35,"2,102.10"
13-04-2015,8834,"2,092.40"
15-04-2015,8750.2,"2,106.60"
16-04-2015,8706.7,"2,105.00"
17-04-2015,8606,"2,081.20"
20-04-2015,8448.1,"2,100.40"
21-04-2015,8377.75,"2,097.30"
22-04-2015,8429.7,"2,108.00"
23-04-2015,8398.3,"2,112.90"
24-04-2015,8305.25,"2,117.70"
27-04-2015,8213.8,"2,108.90"
28-04-2015,8285.6,"2,114.80"
29-04-2015,8239.75,"2,106.80"
30-04-2015,8181.5,"2,085.50"
04-05-2015,8331.95,"2,114.50"
05-05-2015,8324.8,"2,089.50"
06-05-2015,8097,"2,080.20"
07-05-2015,8057.3,"2,088.00"
08-05-2015,8191.5,"2,116.10"
11-05-2015,8325.25,"2,105.30"
12-05-2015,8126.95,"2,099.10"
13-05-2015,8235.45,"2,098.50"
14-05-2015,8224.2,"2,121.10"
15-05-2015,8262.35,"2,122.70"
18-05-2015,8373.65,"2,129.20"
19-05-2015,8365.65,"2,127.80"
20-05-2015,8423.25,"2,125.80"
21-05-2015,8421,"2,130.80"
22-05-2015,8458.95,"2,126.10"
26-05-2015,8339.35,"2,104.20"
27-05-2015,8334.6,"2,123.50"
28-05-2015,8319,"2,120.80"
29-05-2015,8433.65,"2,107.40"
01-06-2015,8433.4,"2,111.70"
02-06-2015,8236.45,"2,109.60"
03-06-2015,8135.1,"2,114.10"
04-06-2015,8130.65,"2,095.80"
05-06-2015,8114.7,"2,092.80"
08-06-2015,8044.15,"2,079.30"
09-06-2015,8022.4,"2,080.20"
10-06-2015,8124.45,"2,105.20"
11-06-2015,7965.35,"2,108.90"
12-06-2015,7982.9,"2,094.10"
15-06-2015,8013.9,"2,084.40"
16-06-2015,8047.3,"2,096.30"
17-06-2015,8091.55,"2,100.40"
18-06-2015,8174.6,"2,121.20"
19-06-2015,8224.95,"2,110.00"
22-06-2015,8353.1,"2,122.80"
23-06-2015,8381.55,"2,124.20"
24-06-2015,8360.85,"2,108.60"
25-06-2015,8398,"2,102.30"
26-06-2015,8381.1,"2,101.50"
29-06-2015,8318.4,"2,057.60"
30-06-2015,8368.5,"2,063.10"
01-07-2015,8453.05,"2,077.40"
02-07-2015,8444.9,"2,076.80"
06-07-2015,8522.15,"2,068.80"
07-07-2015,8510.8,"2,081.30"
08-07-2015,8363.05,"2,046.70"
09-07-2015,8328.55,"2,051.30"
10-07-2015,8360.55,"2,076.60"
13-07-2015,8459.65,"2,099.60"
14-07-2015,8454.1,"2,108.90"
15-07-2015,8523.8,"2,107.40"
16-07-2015,8608.05,"2,124.30"
17-07-2015,8609.85,"2,126.60"
20-07-2015,8603.45,"2,128.30"
21-07-2015,8529.45,"2,119.20"
22-07-2015,8633.5,"2,114.20"
23-07-2015,8589.8,"2,102.20"
24-07-2015,8521.55,"2,079.70"
27-07-2015,8361,"2,067.60"
28-07-2015,8337,"2,093.20"
29-07-2015,8375.05,"2,108.60"
30-07-2015,8421.8,"2,108.60"
31-07-2015,8532.85,"2,103.80"
03-08-2015,8543.05,"2,098.00"
04-08-2015,8516.9,"2,093.30"
05-08-2015,8567.95,"2,099.80"
06-08-2015,8588.65,"2,083.60"
07-08-2015,8564.6,"2,077.60"
10-08-2015,8525.6,"2,104.20"
11-08-2015,8462.35,"2,084.10"
12-08-2015,8349.45,"2,086.10"
13-08-2015,8355.85,"2,083.40"
14-08-2015,8518.55,"2,091.50"
17-08-2015,8477.3,"2,102.40"
18-08-2015,8466.55,"2,096.90"
19-08-2015,8495.15,"2,079.60"
20-08-2015,8372.75,"2,035.70"
21-08-2015,8299.95,"1,970.90"
24-08-2015,7809,"1,893.20"
25-08-2015,7880.7,"1,867.60"
26-08-2015,7791.85,"1,940.50"
27-08-2015,7948.95,"1,987.70"
28-08-2015,8001.95,"1,988.90"
31-08-2015,7971.3,"1,972.20"
01-09-2015,7785.85,"1,913.80"
02-09-2015,7717,"1,948.90"
03-09-2015,7823,"1,951.10"
04-09-2015,7655.05,"1,921.20"
08-09-2015,7688.25,"1,969.40"
09-09-2015,7818.6,"1,942.00"
10-09-2015,7788.1,"1,952.30"
11-09-2015,7789.3,"1,961.00"
14-09-2015,7872.25,"1,953.00"
15-09-2015,7829.1,"1,978.10"
16-09-2015,7899.15,"1,995.30"
18-09-2015,7981.9,"1,958.00"
21-09-2015,7977.1,"1,967.00"
22-09-2015,7812,"1,942.70"
23-09-2015,7845.95,"1,938.80"
24-09-2015,7868.5,"1,932.20"
28-09-2015,7795.7,"1,881.80"
29-09-2015,7843.3,"1,884.10"
30-09-2015,7948.9,"1,920.00"
01-10-2015,7950.9,"1,923.80"
05-10-2015,8119.3,"1,987.00"
06-10-2015,8152.9,"1,979.90"
07-10-2015,8177.4,"1,995.80"
08-10-2015,8129.35,"2,013.40"
09-10-2015,8189.7,"2,014.90"
12-10-2015,8143.6,"2,017.50"
13-10-2015,8131.7,"2,003.70"
14-10-2015,8107.9,"1,994.20"
15-10-2015,8179.5,"2,023.90"
16-10-2015,8238.15,"2,033.10"
19-10-2015,8275.05,"2,033.70"
20-10-2015,8261.65,"2,030.80"
21-10-2015,8251.7,"2,018.90"
23-10-2015,8295.45,"2,075.20"
26-10-2015,8260.55,"2,071.20"
27-10-2015,8232.9,"2,065.90"
28-10-2015,8171.2,"2,090.30"
29-10-2015,8111.75,"2,089.40"
30-10-2015,8065.8,"2,079.40"
02-11-2015,8050.8,"2,104.10"
03-11-2015,8060.7,"2,109.80"
04-11-2015,8040.2,"2,102.30"
05-11-2015,7955.45,"2,099.90"
06-11-2015,7954.3,"2,099.20"
09-11-2015,7915.2,"2,078.60"
10-11-2015,7783.35,"2,081.70"
11-11-2015,7825,"2,075.00"
13-11-2015,7762.25,"2,023.00"
16-11-2015,7806.6,"2,053.20"
17-11-2015,7837.55,"2,050.40"
18-11-2015,7731.8,"2,083.60"
19-11-2015,7842.75,"2,081.20"
20-11-2015,7856.55,"2,089.20"
23-11-2015,7849.25,"2,086.60"
24-11-2015,7831.6,"2,089.10"
27-11-2015,7942.7,"2,090.10"
30-11-2015,7935.25,"2,080.40"
01-12-2015,7954.9,"2,102.60"
02-12-2015,7931.35,"2,079.50"
03-12-2015,7864.15,"2,049.60"
04-12-2015,7781.9,"2,091.70"
07-12-2015,7765.4,"2,077.10"
08-12-2015,7701.7,"2,063.60"
09-12-2015,7612.5,"2,047.60"
10-12-2015,7683.3,"2,052.20"
11-12-2015,7610.45,"2,012.40"
14-12-2015,7650.05,"2,021.90"
15-12-2015,7700.9,"2,043.40"
16-12-2015,7750.9,"2,073.10"
17-12-2015,7844.35,"2,041.90"
18-12-2015,7761.95,"2,005.50"
21-12-2015,7834.45,"2,021.20"
22-12-2015,7786.1,"2,039.00"
23-12-2015,7865.95,"2,064.30"
24-12-2015,7861.05,"2,061.00"
28-12-2015,7925.15,"2,056.50"
29-12-2015,7928.95,"2,078.40"
30-12-2015,7896.25,"2,063.40"
31-12-2015,7946.35,"2,043.90"
04-01-2016,7791.3,"2,012.70"
05-01-2016,7784.65,"2,016.70"
06-01-2016,7741,"1,990.30"
07-01-2016,7568.3,"1,943.10"
08-01-2016,7601.35,"1,922.00"
11-01-2016,7563.85,"1,923.70"
12-01-2016,7510.3,"1,938.70"
13-01-2016,7562.4,"1,890.30"
14-01-2016,7536.8,"1,921.80"
15-01-2016,7437.8,"1,880.30"
19-01-2016,7435.1,"1,881.30"
20-01-2016,7309.3,"1,859.30"
21-01-2016,7276.8,"1,869.00"
22-01-2016,7422.45,"1,906.90"
25-01-2016,7436.15,"1,877.10"
27-01-2016,7437.75,"1,883.00"
28-01-2016,7424.65,"1,893.40"
29-01-2016,7563.55,"1,940.20"
01-02-2016,7555.95,"1,939.40"
02-02-2016,7455.55,"1,903.00"
03-02-2016,7361.8,"1,912.50"
04-02-2016,7404,"1,915.50"
05-02-2016,7489.1,"1,880.00"
08-02-2016,7387.25,"1,853.40"
09-02-2016,7298.2,"1,852.20"
10-02-2016,7215.7,"1,851.90"
11-02-2016,6976.35,"1,829.10"
12-02-2016,6980.95,"1,864.80"
16-02-2016,7048.25,"1,895.60"
17-02-2016,7108.45,"1,926.80"
18-02-2016,7191.75,"1,917.80"
19-02-2016,7210.75,"1,917.80"
22-02-2016,7234.55,"1,945.50"
23-02-2016,7109.55,"1,921.30"
24-02-2016,7018.7,"1,929.80"
25-02-2016,6970.6,"1,951.70"
26-02-2016,7029.75,"1,948.00"
29-02-2016,6987.05,"1,932.20"
01-03-2016,7222.3,"1,978.30"
02-03-2016,7368.85,"1,986.50"
03-03-2016,7475.6,"1,993.40"
04-03-2016,7485.35,"2,000.00"
08-03-2016,7485.3,"1,979.30"
09-03-2016,7531.8,"1,989.30"
10-03-2016,7486.15,"1,989.60"
11-03-2016,7510.2,"2,022.20"
14-03-2016,7538.75,"2,019.60"
15-03-2016,7460.6,"2,015.90"
16-03-2016,7498.75,"2,027.20"
17-03-2016,7512.55,"2,040.60"
18-03-2016,7604.35,"2,049.60"
21-03-2016,7704.25,"2,051.60"
22-03-2016,7714.9,"2,049.80"
23-03-2016,7716.5,"2,036.70"
28-03-2016,7615.1,"2,037.00"
29-03-2016,7597,"2,055.00"
30-03-2016,7735.2,"2,063.90"
31-03-2016,7738.4,"2,059.70"
01-04-2016,7713.05,"2,072.80"
04-04-2016,7758.8,"2,066.10"
05-04-2016,7603.2,"2,045.20"
06-04-2016,7614.35,"2,066.70"
07-04-2016,7546.45,"2,041.90"
08-04-2016,7555.2,"2,047.60"
11-04-2016,7671.4,"2,042.00"
12-04-2016,7708.95,"2,061.70"
13-04-2016,7850.45,"2,082.40"
18-04-2016,7914.7,"2,094.30"
20-04-2016,7914.75,"2,102.40"
21-04-2016,7912.05,"2,091.50"
22-04-2016,7899.3,"2,091.60"
25-04-2016,7855.05,"2,087.80"
26-04-2016,7962.65,"2,091.70"
27-04-2016,7979.9,"2,095.20"
28-04-2016,7847.25,"2,075.80"
29-04-2016,7849.8,"2,065.30"
02-05-2016,7805.9,"2,081.40"
03-05-2016,7747,"2,063.40"
04-05-2016,7706.55,"2,051.10"
05-05-2016,7735.5,"2,050.60"
06-05-2016,7733.45,"2,057.10"
09-05-2016,7866.05,"2,058.70"
10-05-2016,7887.8,"2,084.40"
11-05-2016,7848.85,"2,064.50"
12-05-2016,7900.4,"2,064.10"
13-05-2016,7814.9,"2,046.60"
16-05-2016,7860.75,"2,066.70"
17-05-2016,7890.75,"2,047.20"
18-05-2016,7870.15,"2,047.60"
19-05-2016,7783.4,"2,040.00"
20-05-2016,7749.7,"2,052.30"
23-05-2016,7731.05,"2,048.00"
24-05-2016,7748.85,"2,076.10"
25-05-2016,7934.9,"2,090.50"
26-05-2016,8069.65,"2,090.10"
27-05-2016,8156.65,"2,099.10"
31-05-2016,8160.1,"2,097.00"
01-06-2016,8179.95,"2,099.30"
02-06-2016,8218.95,"2,105.30"
03-06-2016,8220.8,"2,099.10"
06-06-2016,8201.05,"2,109.40"
07-06-2016,8266.45,"2,112.10"
08-06-2016,8273.05,"2,119.10"
09-06-2016,8203.6,"2,115.50"
10-06-2016,8170.05,"2,096.10"
13-06-2016,8110.6,"2,079.10"
14-06-2016,8108.85,"2,075.30"
15-06-2016,8206.6,"2,071.50"
16-06-2016,8140.75,"2,078.00"
17-06-2016,8170.2,"2,071.20"
20-06-2016,8238.5,"2,083.20"
21-06-2016,8219.9,"2,088.90"
22-06-2016,8203.7,"2,085.40"
23-06-2016,8270.45,"2,113.30"
24-06-2016,8088.6,"2,037.40"
27-06-2016,8094.7,"2,000.50"
28-06-2016,8127.85,"2,036.10"
29-06-2016,8204,"2,070.80"
30-06-2016,8287.75,"2,098.90"
01-07-2016,8328.35,"2,102.90"
05-07-2016,8335.95,"2,088.60"
07-07-2016,8337.9,"2,097.90"
08-07-2016,8323.2,"2,129.90"
11-07-2016,8467.9,"2,137.20"
12-07-2016,8521.05,"2,152.10"
13-07-2016,8519.5,"2,152.40"
14-07-2016,8565,"2,163.80"
15-07-2016,8541.4,"2,161.70"
18-07-2016,8508.7,"2,166.90"
19-07-2016,8528.55,"2,163.80"
20-07-2016,8565.85,"2,173.00"
21-07-2016,8510.1,"2,165.20"
22-07-2016,8541.2,"2,175.00"
25-07-2016,8635.65,"2,168.50"
26-07-2016,8590.65,"2,169.20"
27-07-2016,8615.8,"2,166.60"
28-07-2016,8666.3,"2,170.10"
29-07-2016,8638.5,"2,173.60"
01-08-2016,8636.55,"2,170.80"
02-08-2016,8622.9,"2,157.00"
03-08-2016,8544.85,"2,163.80"
04-08-2016,8551.1,"2,164.20"
05-08-2016,8683.15,"2,182.90"
08-08-2016,8711.35,"2,180.90"
09-08-2016,8678.25,"2,181.70"
10-08-2016,8575.3,"2,175.50"
11-08-2016,8592.15,"2,185.80"
12-08-2016,8672.15,"2,184.10"
16-08-2016,8642.55,"2,178.20"
17-08-2016,8624.05,"2,182.20"
18-08-2016,8673.25,"2,187.00"
19-08-2016,8666.9,"2,183.90"
22-08-2016,8629.15,"2,182.60"
23-08-2016,8632.6,"2,186.90"
24-08-2016,8650.3,"2,175.40"
25-08-2016,8592.2,"2,172.50"
26-08-2016,8572.55,"2,169.00"
29-08-2016,8607.45,"2,180.40"
30-08-2016,8744.35,"2,176.10"
31-08-2016,8786.2,"2,170.90"
01-09-2016,8774.65,"2,170.90"
02-09-2016,8809.65,"2,180.00"
06-09-2016,8943,"2,186.50"
07-09-2016,8917.95,"2,186.20"
08-09-2016,8952.5,"2,181.30"
09-09-2016,8866.7,"2,127.80"
12-09-2016,8715.6,"2,159.00"
14-09-2016,8726.6,"2,125.80"
15-09-2016,8742.55,"2,147.30"
16-09-2016,8779.85,"2,139.20"
19-09-2016,8808.4,"2,139.10"
20-09-2016,8775.9,"2,139.80"
21-09-2016,8777.15,"2,163.10"
22-09-2016,8867.45,"2,177.20"
23-09-2016,8831.55,"2,164.70"
26-09-2016,8723.05,"2,146.10"
27-09-2016,8706.4,"2,159.90"
28-09-2016,8745.15,"2,171.40"
29-09-2016,8591.25,"2,151.10"
30-09-2016,8611.15,"2,168.30"
03-10-2016,8738.1,"2,161.20"
04-10-2016,8769.15,"2,150.50"
05-10-2016,8743.95,"2,159.70"
06-10-2016,8709.55,"2,160.80"
07-10-2016,8697.6,"2,153.70"
10-10-2016,8708.8,"2,163.70"
13-10-2016,8573.35,"2,132.60"
14-10-2016,8583.4,"2,133.00"
17-10-2016,8520.4,"2,126.50"
18-10-2016,8677.9,"2,139.60"
19-10-2016,8659.1,"2,144.30"
20-10-2016,8699.4,"2,141.30"
21-10-2016,8693.05,"2,141.20"
24-10-2016,8708.95,"2,151.30"
25-10-2016,8691.3,"2,143.20"
26-10-2016,8615.25,"2,139.40"
27-10-2016,8615.25,"2,133.00"
28-10-2016,8638,"2,126.40"
01-11-2016,8626.25,"2,111.70"
02-11-2016,8514,"2,097.90"
03-11-2016,8484.95,"2,088.70"
04-11-2016,8433.75,"2,085.20"
07-11-2016,8497.05,"2,131.50"
08-11-2016,8543.55,"2,139.60"
09-11-2016,8432,"2,163.30"
10-11-2016,8525.75,"2,167.50"
11-11-2016,8296.3,"2,164.40"
15-11-2016,8108.45,"2,180.40"
16-11-2016,8111.6,"2,176.90"
17-11-2016,8079.95,"2,187.10"
18-11-2016,8074.1,"2,181.90"
21-11-2016,7929.1,"2,198.20"
22-11-2016,8002.3,"2,202.90"
23-11-2016,8033.3,"2,204.70"
25-11-2016,8114.3,"2,213.30"
28-11-2016,8126.9,"2,201.70"
29-11-2016,8142.15,"2,204.70"
30-11-2016,8224.5,"2,198.80"
01-12-2016,8192.9,"2,191.10"
02-12-2016,8086.8,"2,191.90"
05-12-2016,8128.75,"2,204.70"
06-12-2016,8143.15,"2,212.20"
07-12-2016,8102.05,"2,241.30"
08-12-2016,8246.85,"2,246.20"
09-12-2016,8261.75,"2,259.50"
12-12-2016,8170.8,"2,257.00"
13-12-2016,8221.8,"2,271.70"
14-12-2016,8182.45,"2,253.30"
15-12-2016,8153.6,"2,262.00"
16-12-2016,8139.45,"2,258.10"
19-12-2016,8104.35,"2,262.50"
20-12-2016,8082.4,"2,270.80"
21-12-2016,8061.3,"2,265.20"
22-12-2016,7979.1,"2,261.00"
23-12-2016,7985.75,"2,263.80"
27-12-2016,8032.85,"2,268.90"
28-12-2016,8034.85,"2,249.90"
29-12-2016,8103.6,"2,249.30"
30-12-2016,8185.8,"2,238.80"
03-01-2017,8192.25,"2,257.80"
04-01-2017,8190.5,"2,270.80"
05-01-2017,8273.8,"2,269.00"
06-01-2017,8243.8,"2,277.00"
09-01-2017,8236.05,"2,268.90"
10-01-2017,8288.6,"2,268.90"
11-01-2017,8380.65,"2,275.30"
12-01-2017,8407.2,"2,270.40"
13-01-2017,8400.35,"2,274.60"
17-01-2017,8398,"2,267.90"
18-01-2017,8417,"2,271.90"
19-01-2017,8435.1,"2,263.70"
20-01-2017,8349.35,"2,271.30"
23-01-2017,8391.5,"2,265.20"
24-01-2017,8475.8,"2,280.10"
25-01-2017,8602.75,"2,298.40"
27-01-2017,8641.25,"2,294.70"
30-01-2017,8632.75,"2,280.90"
31-01-2017,8561.3,"2,278.90"
01-02-2017,8716.4,"2,279.60"
02-02-2017,8734.25,"2,280.80"
03-02-2017,8740.95,"2,297.40"
06-02-2017,8801.05,"2,292.60"
07-02-2017,8768.3,"2,293.10"
08-02-2017,8769.05,"2,294.70"
09-02-2017,8778.4,"2,307.90"
10-02-2017,8793.55,"2,316.10"
13-02-2017,8805.05,"2,328.20"
14-02-2017,8792.3,"2,337.60"
15-02-2017,8724.7,"2,349.20"
16-02-2017,8778,"2,347.20"
17-02-2017,8821.7,"2,351.20"
21-02-2017,8907.85,"2,365.40"
22-02-2017,8926.9,"2,362.80"
23-02-2017,8939.5,"2,363.80"
27-02-2017,8896.7,"2,369.80"
28-02-2017,8879.6,"2,363.60"
01-03-2017,8945.8,"2,396.00"
02-03-2017,8899.75,"2,381.90"
03-03-2017,8897.55,"2,383.10"
06-03-2017,8963.45,"2,375.30"
07-03-2017,8946.9,"2,368.40"
08-03-2017,8924.3,"2,363.00"
09-03-2017,8927,"2,364.90"
10-03-2017,8934.55,"2,372.60"
14-03-2017,9087,"2,365.40"
15-03-2017,9084.8,"2,385.30"
16-03-2017,9153.7,"2,381.40"
17-03-2017,9160.05,"2,378.20"
20-03-2017,9126.85,"2,373.50"
21-03-2017,9121.5,"2,344.00"
22-03-2017,9030.45,"2,348.40"
23-03-2017,9086.3,"2,346.00"
24-03-2017,9108,"2,344.00"
27-03-2017,9045.2,"2,341.60"
28-03-2017,9100.8,"2,358.60"
29-03-2017,9143.8,"2,361.10"
30-03-2017,9173.75,"2,368.10"
31-03-2017,9173.75,"2,362.70"
03-04-2017,9237.85,"2,358.80"
05-04-2017,9265.15,"2,352.90"
06-04-2017,9261.95,"2,357.50"
07-04-2017,9198.3,"2,355.50"
10-04-2017,9181.45,"2,357.20"
11-04-2017,9237,"2,353.80"
12-04-2017,9203.45,"2,344.90"
13-04-2017,9150.8,"2,328.90"
17-04-2017,9139.3,"2,349.00"
18-04-2017,9105.15,"2,342.20"
19-04-2017,9103.5,"2,338.20"
20-04-2017,9136.4,"2,355.80"
21-04-2017,9119.4,"2,348.70"
24-04-2017,9217.95,"2,374.20"
25-04-2017,9306.6,"2,388.60"
26-04-2017,9351.85,"2,387.40"
27-04-2017,9342.15,"2,388.80"
28-04-2017,9304.05,"2,384.20"
02-05-2017,9313.8,"2,391.20"
03-05-2017,9311.95,"2,388.10"
04-05-2017,9359.9,"2,389.50"
05-05-2017,9285.3,"2,399.30"
08-05-2017,9314.05,"2,399.40"
09-05-2017,9316.85,"2,396.90"
10-05-2017,9407.3,"2,399.60"
11-05-2017,9422.4,"2,394.40"
12-05-2017,9400.9,"2,390.90"
15-05-2017,9445.4,"2,402.30"
16-05-2017,9512.25,"2,400.70"
17-05-2017,9525.75,"2,357.00"
18-05-2017,9429.45,"2,365.70"
19-05-2017,9427.9,"2,381.70"
22-05-2017,9438.25,"2,394.00"
23-05-2017,9386.15,"2,398.40"
24-05-2017,9360.55,"2,404.40"
25-05-2017,9509.75,"2,415.10"
26-05-2017,9595.1,"2,415.80"
30-05-2017,9624.55,"2,412.90"
31-05-2017,9621.25,"2,411.80"
01-06-2017,9616.1,"2,430.10"
02-06-2017,9653.5,"2,439.10"
05-06-2017,9675.1,"2,436.10"
06-06-2017,9637.15,"2,429.30"
07-06-2017,9663.9,"2,433.10"
08-06-2017,9647.25,"2,433.80"
09-06-2017,9668.25,"2,431.80"
12-06-2017,9616.4,"2,429.40"
13-06-2017,9606.9,"2,440.30"
14-06-2017,9618.15,"2,437.90"
15-06-2017,9578.05,"2,432.50"
16-06-2017,9588.05,"2,433.20"
19-06-2017,9657.55,"2,453.50"
20-06-2017,9653.5,"2,437.00"
21-06-2017,9633.6,"2,435.60"
22-06-2017,9630,"2,434.50"
23-06-2017,9574.95,"2,438.30"
27-06-2017,9511.4,"2,419.40"
28-06-2017,9491.25,"2,440.70"
29-06-2017,9504.1,"2,419.70"
30-06-2017,9520.9,"2,423.40"
03-07-2017,9615,"2,429.00"
05-07-2017,9637.6,"2,432.50"
06-07-2017,9674.55,"2,409.80"
07-07-2017,9665.8,"2,425.20"
10-07-2017,9771.05,"2,427.40"
11-07-2017,9786.05,"2,425.50"
12-07-2017,9816.1,"2,443.20"
13-07-2017,9891.7,"2,447.80"
14-07-2017,9886.35,"2,459.30"
17-07-2017,9915.95,"2,459.10"
18-07-2017,9827.15,"2,460.60"
19-07-2017,9899.6,"2,473.80"
20-07-2017,9873.3,"2,473.40"
21-07-2017,9915.25,"2,472.50"
24-07-2017,9966.4,"2,469.90"
25-07-2017,9964.55,"2,477.10"
26-07-2017,10020.65,"2,477.80"
27-07-2017,10020.55,"2,475.40"
28-07-2017,10014.5,"2,472.10"
31-07-2017,10077.1,"2,470.30"
01-08-2017,10114.65,"2,476.30"
02-08-2017,10081.5,"2,477.60"
03-08-2017,10013.65,"2,472.20"
04-08-2017,10066.4,"2,476.80"
07-08-2017,10057.4,"2,480.90"
08-08-2017,9978.55,"2,474.90"
09-08-2017,9908.05,"2,474.00"
10-08-2017,9820.25,"2,438.20"
11-08-2017,9710.8,"2,441.30"
14-08-2017,9794.15,"2,465.80"
16-08-2017,9897.3,"2,468.10"
17-08-2017,9904.15,"2,430.00"
18-08-2017,9837.4,"2,425.60"
21-08-2017,9754.35,"2,428.40"
22-08-2017,9765.55,"2,452.50"
23-08-2017,9852.5,"2,444.00"
24-08-2017,9857.05,"2,439.00"
28-08-2017,9912.8,"2,444.20"
29-08-2017,9796.05,"2,446.30"
30-08-2017,9884.4,"2,457.60"
31-08-2017,9917.9,"2,471.70"
01-09-2017,9974.4,"2,476.60"
05-09-2017,9952.2,"2,457.80"
06-09-2017,9916.2,"2,465.50"
07-09-2017,9929.9,"2,465.10"
08-09-2017,9934.8,"2,461.40"
11-09-2017,10006.05,"2,488.10"
12-09-2017,10093.05,"2,496.50"
13-09-2017,10079.3,"2,498.40"
14-09-2017,10086.6,"2,495.60"
15-09-2017,10085.4,"2,500.20"
18-09-2017,10153.1,"2,503.90"
19-09-2017,10147.55,"2,506.70"
20-09-2017,10141.15,"2,508.20"
21-09-2017,10121.9,"2,500.60"
22-09-2017,9964.4,"2,502.20"
25-09-2017,9872.6,"2,496.70"
26-09-2017,9871.5,"2,496.80"
27-09-2017,9735.75,"2,507.00"
28-09-2017,9768.95,"2,510.10"
29-09-2017,9788.6,"2,519.40"
03-10-2017,9859.5,"2,534.60"
04-10-2017,9914.9,"2,537.70"
05-10-2017,9888.7,"2,552.10"
06-10-2017,9979.7,"2,549.30"
09-10-2017,9988.75,"2,544.70"
10-10-2017,10016.95,"2,550.60"
11-10-2017,9984.8,"2,555.20"
12-10-2017,10096.4,"2,550.90"
13-10-2017,10167.45,"2,553.20"
16-10-2017,10230.85,"2,557.60"
17-10-2017,10234.45,"2,559.40"
18-10-2017,10210.85,"2,561.30"
19-10-2017,10146.55,"2,562.10"
23-10-2017,10184.85,"2,565.00"
24-10-2017,10207.7,"2,569.10"
25-10-2017,10295.35,"2,557.20"
26-10-2017,10343.8,"2,560.40"
27-10-2017,10323.05,"2,581.10"
30-10-2017,10363.65,"2,572.80"
31-10-2017,10335.3,"2,575.30"
01-11-2017,10440.5,"2,579.40"
02-11-2017,10423.8,"2,579.80"
03-11-2017,10452.5,"2,587.80"
06-11-2017,10451.8,"2,591.10"
07-11-2017,10350.15,"2,590.60"
08-11-2017,10303.15,"2,594.40"
09-11-2017,10308.95,"2,584.60"
10-11-2017,10321.75,"2,582.30"
13-11-2017,10224.95,"2,584.80"
14-11-2017,10186.6,"2,578.90"
15-11-2017,10118.05,"2,564.60"
16-11-2017,10214.75,"2,585.60"
17-11-2017,10283.6,"2,578.80"
20-11-2017,10298.75,"2,582.10"
21-11-2017,10326.9,"2,599.00"
22-11-2017,10342.3,"2,597.10"
24-11-2017,10389.7,"2,602.40"
27-11-2017,10399.55,"2,601.40"
28-11-2017,10370.25,"2,627.00"
29-11-2017,10361.3,"2,626.10"
30-11-2017,10226.55,"2,647.60"
01-12-2017,10121.8,"2,642.20"
04-12-2017,10127.75,"2,639.40"
05-12-2017,10118.25,"2,629.60"
06-12-2017,10044.1,"2,629.30"
07-12-2017,10166.7,"2,637.00"
08-12-2017,10265.65,"2,651.50"
11-12-2017,10322.25,"2,660.00"
12-12-2017,10240.15,"2,664.10"
13-12-2017,10192.95,"2,662.80"
14-12-2017,10252.1,"2,652.00"
15-12-2017,10333.25,"2,675.80"
18-12-2017,10388.75,"2,690.20"
19-12-2017,10463.2,"2,681.50"
20-12-2017,10444.2,"2,679.20"
21-12-2017,10440.3,"2,684.60"
22-12-2017,10493,"2,683.30"
26-12-2017,10531.5,"2,680.50"
27-12-2017,10490.75,"2,682.60"
28-12-2017,10477.9,"2,687.50"
29-12-2017,10530.7,"2,673.60"
02-01-2018,10442.2,"2,695.80"
03-01-2018,10443.2,"2,713.10"
04-01-2018,10504.8,"2,724.00"
05-01-2018,10558.85,"2,743.20"
08-01-2018,10623.6,"2,747.70"
09-01-2018,10637,"2,751.30"
10-01-2018,10632.2,"2,748.20"
11-01-2018,10651.2,"2,767.60"
12-01-2018,10681.25,"2,786.20"
16-01-2018,10700.45,"2,776.40"
17-01-2018,10788.55,"2,802.60"
18-01-2018,10817,"2,798.00"
19-01-2018,10894.7,"2,810.30"
22-01-2018,10966.2,"2,833.00"
23-01-2018,11083.7,"2,839.10"
24-01-2018,11086,"2,837.50"
25-01-2018,11069.65,"2,839.20"
29-01-2018,11130.4,"2,853.50"
30-01-2018,11049.65,"2,822.40"
31-01-2018,11027.7,"2,823.80"
01-02-2018,11016.9,"2,822.00"
02-02-2018,10760.6,"2,762.10"
05-02-2018,10666.55,"2,648.90"
06-02-2018,10498.25,"2,695.10"
07-02-2018,10476.7,"2,681.70"
08-02-2018,10576.85,"2,581.00"
09-02-2018,10454.95,"2,619.60"
12-02-2018,10539.75,"2,656.00"
14-02-2018,10500.9,"2,698.60"
15-02-2018,10545.5,"2,731.20"
16-02-2018,10452.3,"2,732.20"
20-02-2018,10360.4,"2,716.30"
21-02-2018,10397.45,"2,701.30"
22-02-2018,10382.7,"2,704.00"
23-02-2018,10491.05,"2,747.30"
26-02-2018,10582.6,"2,779.60"
27-02-2018,10554.3,"2,744.30"
28-02-2018,10492.85,"2,713.80"
01-03-2018,10458.35,"2,677.70"
05-03-2018,10358.85,"2,720.90"
06-03-2018,10249.25,"2,728.10"
07-03-2018,10154.2,"2,726.80"
08-03-2018,10242.65,"2,739.00"
09-03-2018,10226.85,"2,786.60"
12-03-2018,10421.4,"2,783.00"
13-03-2018,10426.85,"2,765.30"
14-03-2018,10410.9,"2,749.50"
15-03-2018,10360.15,"2,747.30"
16-03-2018,10195.15,"2,752.00"
19-03-2018,10094.25,"2,712.90"
20-03-2018,10124.35,"2,716.90"
21-03-2018,10155.25,"2,711.90"
22-03-2018,10114.75,"2,643.70"
23-03-2018,9998.05,"2,588.30"
26-03-2018,10130.65,"2,658.60"
27-03-2018,10184.15,"2,612.60"
28-03-2018,10113.7,"2,605.00"
02-04-2018,10211.8,"2,581.90"
03-04-2018,10245,"2,614.40"
04-04-2018,10128.4,"2,644.70"
05-04-2018,10325.15,"2,662.80"
06-04-2018,10331.6,"2,604.50"
09-04-2018,10379.35,"2,613.20"
10-04-2018,10402.25,"2,656.90"
11-04-2018,10417.15,"2,642.20"
12-04-2018,10458.65,"2,664.00"
13-04-2018,10480.6,"2,656.30"
16-04-2018,10528.35,"2,677.80"
17-04-2018,10548.7,"2,706.40"
18-04-2018,10526.2,"2,708.60"
19-04-2018,10565.3,"2,693.10"
20-04-2018,10564.05,"2,670.10"
23-04-2018,10584.7,"2,670.30"
24-04-2018,10614.35,"2,634.60"
25-04-2018,10570.55,"2,639.40"
26-04-2018,10617.8,"2,666.90"
27-04-2018,10692.3,"2,669.90"
30-04-2018,10739.35,"2,648.10"
02-05-2018,10718.05,"2,635.70"
03-05-2018,10679.65,"2,629.70"
04-05-2018,10618.25,"2,663.40"
07-05-2018,10715.5,"2,672.60"
08-05-2018,10717.8,"2,671.90"
09-05-2018,10741.7,"2,697.80"
10-05-2018,10716.55,"2,723.10"
11-05-2018,10806.5,"2,727.70"
14-05-2018,10806.6,"2,730.10"
15-05-2018,10801.85,"2,711.40"
16-05-2018,10741.1,"2,722.50"
17-05-2018,10682.7,"2,720.10"
18-05-2018,10596.4,"2,713.00"
21-05-2018,10516.7,"2,733.00"
22-05-2018,10536.7,"2,724.40"
23-05-2018,10430.35,"2,733.30"
24-05-2018,10513.85,"2,727.80"
25-05-2018,10605.15,"2,721.30"
29-05-2018,10633.3,"2,689.90"
30-05-2018,10614.35,"2,724.00"
31-05-2018,10736.15,"2,705.30"
01-06-2018,10696.2,"2,734.60"
04-06-2018,10628.5,"2,746.90"
05-06-2018,10593.15,"2,748.80"
06-06-2018,10684.65,"2,772.30"
07-06-2018,10768.35,"2,770.40"
08-06-2018,10767.65,"2,779.00"
11-06-2018,10786.95,"2,782.00"
12-06-2018,10842.85,"2,786.80"
13-06-2018,10856.7,"2,775.60"
14-06-2018,10808.05,"2,782.50"
15-06-2018,10817.7,"2,779.70"
18-06-2018,10799.85,"2,773.80"
19-06-2018,10710.45,"2,762.60"
20-06-2018,10772.05,"2,767.30"
21-06-2018,10741.1,"2,749.80"
22-06-2018,10821.85,"2,754.90"
25-06-2018,10762.45,"2,717.10"
26-06-2018,10769.15,"2,723.10"
27-06-2018,10671.4,"2,699.60"
28-06-2018,10589.1,"2,716.30"
29-06-2018,10714.3,"2,718.40"
02-07-2018,10657.3,"2,726.70"
03-07-2018,10699.9,"2,713.20"
05-07-2018,10749.75,"2,736.60"
06-07-2018,10772.65,"2,759.80"
09-07-2018,10852.9,"2,784.20"
10-07-2018,10947.25,"2,793.80"
11-07-2018,10948.3,"2,774.00"
12-07-2018,11023.2,"2,798.30"
13-07-2018,11018.9,"2,801.30"
16-07-2018,10936.85,"2,798.40"
17-07-2018,11008.05,"2,809.60"
18-07-2018,10980.45,"2,815.60"
19-07-2018,10957.1,"2,804.50"
20-07-2018,11010.2,"2,801.80"
23-07-2018,11084.75,"2,807.00"
24-07-2018,11134.3,"2,820.40"
25-07-2018,11132,"2,846.10"
26-07-2018,11167.3,"2,837.40"
27-07-2018,11278.35,"2,818.80"
30-07-2018,11319.55,"2,802.60"
31-07-2018,11356.5,"2,816.30"
01-08-2018,11346.2,"2,813.40"
02-08-2018,11244.7,"2,827.20"
03-08-2018,11360.8,"2,840.30"
06-08-2018,11387.1,"2,850.40"
07-08-2018,11389.45,"2,858.40"
08-08-2018,11450,"2,857.70"
09-08-2018,11470.7,"2,853.60"
10-08-2018,11429.5,"2,833.30"
13-08-2018,11355.75,"2,821.90"
14-08-2018,11435.1,"2,840.00"
16-08-2018,11385.05,"2,840.70"
17-08-2018,11470.75,"2,850.10"
20-08-2018,11551.75,"2,857.10"
21-08-2018,11570.9,"2,863.00"
23-08-2018,11582.75,"2,857.00"
24-08-2018,11557.1,"2,874.70"
27-08-2018,11691.95,"2,896.70"
28-08-2018,11738.5,"2,897.50"
29-08-2018,11691.9,"2,914.00"
30-08-2018,11676.8,"2,901.10"
31-08-2018,11680.5,"2,901.50"
04-09-2018,11520.3,"2,896.70"
05-09-2018,11476.95,"2,888.60"
06-09-2018,11536.9,"2,878.10"
07-09-2018,11589.1,"2,871.70"
10-09-2018,11438.1,"2,877.10"
11-09-2018,11287.5,"2,887.90"
12-09-2018,11369.9,"2,888.90"
14-09-2018,11515.2,"2,905.00"
17-09-2018,11377.75,"2,888.80"
18-09-2018,11278.9,"2,904.30"
19-09-2018,11234.35,"2,907.90"
21-09-2018,11143.1,"2,929.70"
24-09-2018,10967.4,"2,919.40"
25-09-2018,11067.45,"2,915.60"
26-09-2018,11053.8,"2,906.00"
27-09-2018,10977.55,"2,914.00"
28-09-2018,10930.45,"2,914.00"
01-10-2018,11008.3,"2,924.60"
03-10-2018,10858.25,"2,925.50"
04-10-2018,10599.25,"2,901.60"
05-10-2018,10316.45,"2,885.60"
08-10-2018,10348.05,"2,884.40"
09-10-2018,10301.05,"2,880.30"
10-10-2018,10460.1,"2,785.70"
11-10-2018,10234.65,"2,728.40"
12-10-2018,10472.5,"2,767.10"
15-10-2018,10512.5,"2,750.80"
16-10-2018,10584.75,"2,809.90"
17-10-2018,10453.05,"2,809.20"
19-10-2018,10303.55,"2,767.80"
22-10-2018,10245.25,"2,755.90"
23-10-2018,10146.8,"2,740.70"
24-10-2018,10224.75,"2,656.10"
25-10-2018,10124.9,"2,705.60"
26-10-2018,10030,"2,658.70"
29-10-2018,10250.85,"2,641.20"
30-10-2018,10198.4,"2,682.60"
31-10-2018,10386.6,"2,711.70"
01-11-2018,10380.45,"2,740.40"
02-11-2018,10553,"2,723.10"
05-11-2018,10524,"2,738.30"
06-11-2018,10530,"2,755.40"
07-11-2018,10598.4,"2,813.90"
09-11-2018,10585.2,"2,781.00"
12-11-2018,10482.2,"2,726.20"
13-11-2018,10582.5,"2,722.20"
14-11-2018,10576.3,"2,701.60"
15-11-2018,10616.7,"2,730.20"
16-11-2018,10682.2,"2,736.30"
19-11-2018,10763.4,"2,690.70"
20-11-2018,10656.2,"2,641.90"
21-11-2018,10600.05,"2,649.90"
26-11-2018,10628.6,"2,673.40"
27-11-2018,10685.6,"2,682.20"
28-11-2018,10728.85,"2,743.80"
29-11-2018,10858.7,"2,737.80"
30-11-2018,10876.75,"2,760.20"
03-12-2018,10883.75,"2,790.40"
04-12-2018,10869.5,"2,700.10"
06-12-2018,10601.15,"2,695.90"
07-12-2018,10693.7,"2,633.10"
10-12-2018,10488.45,"2,637.70"
11-12-2018,10549.15,"2,636.80"
12-12-2018,10737.6,"2,651.10"
13-12-2018,10791.55,"2,650.50"
14-12-2018,10805.45,"2,599.90"
17-12-2018,10888.35,"2,545.90"
18-12-2018,10908.7,"2,546.20"
19-12-2018,10967.3,"2,507.00"
20-12-2018,10951.7,"2,467.40"
21-12-2018,10754,"2,416.60"
24-12-2018,10663.5,"2,351.10"
26-12-2018,10729.85,"2,467.70"
27-12-2018,10779.8,"2,488.80"
28-12-2018,10859.9,"2,485.70"
31-12-2018,10862.55,"2,506.80"
02-01-2019,10792.5,"2,510.00"
03-01-2019,10672.25,"2,447.90"
04-01-2019,10727.35,"2,531.90"
07-01-2019,10771.8,"2,549.70"
08-01-2019,10802.15,"2,574.40"
09-01-2019,10855.15,"2,585.00"
10-01-2019,10821.6,"2,596.60"
11-01-2019,10794.95,"2,596.30"
14-01-2019,10737.6,"2,582.60"
15-01-2019,10886.8,"2,610.30"
16-01-2019,10890.3,"2,616.10"
17-01-2019,10905.2,"2,636.00"
18-01-2019,10906.95,"2,670.70"
22-01-2019,10922.75,"2,632.90"
23-01-2019,10831.5,"2,638.70"
24-01-2019,10849.8,"2,642.30"
25-01-2019,10780.55,"2,664.80"
28-01-2019,10661.55,"2,643.80"
29-01-2019,10652.2,"2,640.00"
30-01-2019,10651.8,"2,681.10"
31-01-2019,10830.95,"2,704.10"
01-02-2019,10893.65,"2,706.50"
04-02-2019,10912.25,"2,724.90"
05-02-2019,10934.35,"2,737.70"
06-02-2019,11062.45,"2,731.60"
07-02-2019,11069.4,"2,706.10"
08-02-2019,10943.6,"2,707.90"
11-02-2019,10888.8,"2,709.80"
12-02-2019,10831.4,"2,744.70"
13-02-2019,10793.65,"2,753.00"
14-02-2019,10746.05,"2,745.70"
15-02-2019,10724.4,"2,775.60"
19-02-2019,10604.35,"2,779.80"
20-02-2019,10735.45,"2,784.70"
21-02-2019,10789.85,"2,774.90"
22-02-2019,10791.65,"2,792.70"
25-02-2019,10880.1,"2,796.10"
26-02-2019,10835.3,"2,793.90"
27-02-2019,10806.65,"2,792.40"
28-02-2019,10792.5,"2,784.50"
01-03-2019,10863.5,"2,803.70"
05-03-2019,10987.45,"2,789.70"
06-03-2019,11053,"2,771.40"
07-03-2019,11058.2,"2,748.90"
08-03-2019,11035.4,"2,743.10"
11-03-2019,11168.05,"2,783.30"
12-03-2019,11301.2,"2,791.50"
13-03-2019,11341.7,"2,810.90"
14-03-2019,11343.25,"2,808.50"
15-03-2019,11426.85,"2,822.50"
18-03-2019,11462.2,"2,832.90"
19-03-2019,11532.4,"2,832.60"
20-03-2019,11521.05,"2,824.20"
22-03-2019,11456.9,"2,800.70"
25-03-2019,11354.25,"2,798.40"
26-03-2019,11483.25,"2,818.50"
27-03-2019,11445.05,"2,805.40"
28-03-2019,11570,"2,815.40"
29-03-2019,11623.9,"2,834.40"
01-04-2019,11669.15,"2,867.20"
02-04-2019,11713.2,"2,867.20"
03-04-2019,11643.95,"2,873.40"
04-04-2019,11598,"2,879.40"
05-04-2019,11665.95,"2,892.70"
08-04-2019,11604.5,"2,895.80"
09-04-2019,11671.95,"2,878.20"
10-04-2019,11584.3,"2,888.20"
11-04-2019,11596.7,"2,888.30"
12-04-2019,11643.45,"2,907.40"
15-04-2019,11690.35,"2,905.60"
16-04-2019,11787.15,"2,907.10"
18-04-2019,11752.8,"2,905.00"
22-04-2019,11594.45,"2,908.00"
23-04-2019,11575.95,"2,933.70"
24-04-2019,11726.15,"2,927.20"
25-04-2019,11641.8,"2,926.20"
26-04-2019,11754.65,"2,939.90"
30-04-2019,11748.15,"2,945.80"
02-05-2019,11724.75,"2,917.50"
03-05-2019,11712.25,"2,945.60"
06-05-2019,11598.25,"2,932.50"
07-05-2019,11497.9,"2,884.10"
08-05-2019,11359.45,"2,879.40"
09-05-2019,11301.8,"2,870.70"
10-05-2019,11278.9,"2,881.40"
13-05-2019,11148.2,"2,811.90"
14-05-2019,11222.05,"2,834.40"
15-05-2019,11157,"2,851.00"
16-05-2019,11257.1,"2,876.30"
17-05-2019,11407.15,"2,859.50"
20-05-2019,11828.25,"2,840.20"
21-05-2019,11709.1,"2,864.40"
22-05-2019,11737.9,"2,856.30"
23-05-2019,11657.05,"2,822.20"
24-05-2019,11844.1,"2,826.10"
28-05-2019,11928.75,"2,802.40"
29-05-2019,11861.1,"2,783.00"
30-05-2019,11945.9,"2,788.90"
31-05-2019,11922.8,"2,752.10"
03-06-2019,12088.55,"2,744.40"
04-06-2019,12021.65,"2,803.30"
06-06-2019,11843.75,"2,843.50"
07-06-2019,11870.65,"2,873.30"
10-06-2019,11922.7,"2,886.70"
11-06-2019,11965.6,"2,885.70"
12-06-2019,11906.2,"2,879.80"
13-06-2019,11914.05,"2,891.60"
14-06-2019,11823.3,"2,887.00"
17-06-2019,11672.15,"2,889.70"
18-06-2019,11691.5,"2,917.80"
19-06-2019,11691.45,"2,926.50"
20-06-2019,11831.75,"2,954.20"
21-06-2019,11724.1,"2,950.50"
24-06-2019,11699.65,"2,945.30"
25-06-2019,11796.45,"2,917.40"
26-06-2019,11847.55,"2,913.80"
27-06-2019,11841.55,"2,924.90"
28-06-2019,11788.85,"2,941.80"
01-07-2019,11865.6,"2,964.30"
02-07-2019,11910.3,"2,973.00"
03-07-2019,11916.75,"2,995.80"
05-07-2019,11811.15,"2,990.40"
08-07-2019,11558.6,"2,975.90"
09-07-2019,11555.9,"2,979.60"
10-07-2019,11498.9,"2,993.10"
11-07-2019,11582.9,"2,999.90"
12-07-2019,11552.5,"3,013.80"
15-07-2019,11588.35,"3,014.30"
16-07-2019,11662.6,"3,004.00"
17-07-2019,11687.5,"2,984.40"
18-07-2019,11596.9,"2,995.10"
19-07-2019,11419.25,"2,976.60"
22-07-2019,11346.2,"2,985.00"
23-07-2019,11331.05,"3,005.50"
24-07-2019,11271.3,"3,019.60"
25-07-2019,11252.15,"3,003.70"
26-07-2019,11284.3,"3,025.90"
29-07-2019,11189.2,"3,021.00"
30-07-2019,11085.4,"3,013.20"
31-07-2019,11118,"2,980.40"
01-08-2019,10980,"2,953.60"
02-08-2019,10997.35,"2,932.10"
05-08-2019,10862.6,"2,844.70"
06-08-2019,10948.25,"2,881.80"
07-08-2019,10855.5,"2,884.00"
08-08-2019,11032.45,"2,938.10"
09-08-2019,11109.65,"2,918.70"
13-08-2019,10925.85,"2,926.30"
14-08-2019,11029.4,"2,840.60"
16-08-2019,11047.8,"2,888.70"
19-08-2019,11053.9,"2,923.70"
20-08-2019,11017,"2,900.50"
21-08-2019,10918.7,"2,924.40"
22-08-2019,10741.35,"2,922.90"
23-08-2019,10829.35,"2,847.10"
26-08-2019,11057.85,"2,878.40"
27-08-2019,11105.35,"2,869.20"
28-08-2019,11046.1,"2,887.90"
29-08-2019,10948.3,"2,924.60"
30-08-2019,11023.25,"2,926.50"
03-09-2019,10797.9,"2,906.30"
04-09-2019,10844.65,"2,937.80"
05-09-2019,10847.9,"2,976.00"
06-09-2019,10946.2,"2,978.70"
09-09-2019,11003.05,"2,978.40"
11-09-2019,11035.7,"3,000.90"
12-09-2019,10982.8,"3,009.60"
13-09-2019,11075.9,"3,007.40"
16-09-2019,11003.5,"2,998.00"
17-09-2019,10817.6,"3,005.70"
18-09-2019,10840.65,"3,006.70"
19-09-2019,10704.8,"3,006.80"
20-09-2019,11274.2,"2,992.10"
23-09-2019,11600.2,"2,991.80"
24-09-2019,11588.2,"2,966.60"
25-09-2019,11440.2,"2,984.90"
26-09-2019,11571.2,"2,977.60"
27-09-2019,11512.4,"2,961.80"
30-09-2019,11474.45,"2,976.70"
01-10-2019,11359.9,"2,940.20"
03-10-2019,11314,"2,910.60"
04-10-2019,11174.75,"2,952.00"
07-10-2019,11126.4,"2,938.80"
09-10-2019,11313.3,"2,919.40"
10-10-2019,11234.55,"2,938.10"
11-10-2019,11305.05,"2,970.30"
14-10-2019,11341.15,"2,966.20"
15-10-2019,11428.3,"2,995.70"
16-10-2019,11464,"2,989.70"
17-10-2019,11586.35,"2,997.90"
18-10-2019,11661.85,"2,986.20"
22-10-2019,11588.35,"2,996.00"
23-10-2019,11604.1,"3,004.50"
24-10-2019,11582.6,"3,010.30"
25-10-2019,11583.9,"3,022.60"
29-10-2019,11786.85,"3,036.90"
30-10-2019,11844.1,"3,046.80"
31-10-2019,11877.45,"3,037.60"
01-11-2019,11890.6,"3,066.90"
04-11-2019,11941.3,"3,078.30"
05-11-2019,11917.2,"3,074.60"
06-11-2019,11966.05,"3,076.80"
07-11-2019,12012.05,"3,085.20"
08-11-2019,11908.15,"3,093.10"
11-11-2019,11913.45,"3,087.00"
13-11-2019,11840.45,"3,094.00"
14-11-2019,11872.1,"3,096.60"
15-11-2019,11895.45,"3,120.50"
18-11-2019,11884.5,"3,122.00"
19-11-2019,11940.1,"3,120.20"
20-11-2019,11999.1,"3,108.50"
21-11-2019,11968.4,"3,103.50"
22-11-2019,11914.4,"3,110.30"
25-11-2019,12073.75,"3,133.60"
26-11-2019,12037.7,"3,140.50"
27-11-2019,12100.7,"3,153.60"
29-11-2019,12056.05,"3,141.00"
02-12-2019,12048.2,"3,113.90"
03-12-2019,11994.2,"3,093.20"
04-12-2019,12043.2,"3,112.80"
05-12-2019,12018.4,"3,117.40"
06-12-2019,11921.5,"3,145.90"
09-12-2019,11937.5,"3,136.00"
10-12-2019,11856.8,"3,132.50"
11-12-2019,11910.15,"3,141.60"
12-12-2019,11971.8,"3,168.60"
13-12-2019,12086.7,"3,168.80"
16-12-2019,12053.95,"3,191.40"
17-12-2019,12165,"3,192.50"
18-12-2019,12221.65,"3,191.10"
19-12-2019,12259.7,"3,205.40"
20-12-2019,12271.8,"3,221.20"
23-12-2019,12262.75,"3,224.00"
24-12-2019,12214.55,"3,223.40"
26-12-2019,12126.55,"3,239.90"
27-12-2019,12245.8,"3,240.00"
30-12-2019,12255.85,"3,221.30"
31-12-2019,12168.45,"3,230.80"
02-01-2020,12282.2,"3,257.80"
03-01-2020,12226.65,"3,234.80"
06-01-2020,11993.05,"3,246.30"
07-01-2020,12052.95,"3,237.20"
08-01-2020,12025.35,"3,253.10"
09-01-2020,12215.9,"3,274.70"
10-01-2020,12256.8,"3,265.30"
13-01-2020,12329.55,"3,288.10"
14-01-2020,12362.3,"3,283.20"
15-01-2020,12343.3,"3,289.30"
16-01-2020,12355.5,"3,316.80"
17-01-2020,12352.35,"3,329.60"
21-01-2020,12169.85,"3,320.80"
22-01-2020,12106.9,"3,321.80"
23-01-2020,12180.35,"3,325.50"
24-01-2020,12248.25,"3,295.50"
27-01-2020,12119,"3,243.60"
28-01-2020,12055.8,"3,276.20"
29-01-2020,12129.5,"3,273.40"
30-01-2020,12035.8,"3,283.70"
31-01-2020,11962.1,"3,225.50"
03-02-2020,11707.9,"3,248.90"
04-02-2020,11979.65,"3,297.60"
05-02-2020,12089.15,"3,334.70"
06-02-2020,12137.95,"3,345.80"
07-02-2020,12098.35,"3,327.70"
10-02-2020,12031.5,"3,352.10"
11-02-2020,12107.9,"3,357.80"
12-02-2020,12201.2,"3,379.40"
13-02-2020,12174.65,"3,373.90"
14-02-2020,12113.45,"3,380.20"
18-02-2020,11992.5,"3,370.30"
19-02-2020,12125.9,"3,386.20"
20-02-2020,12080.85,"3,373.20"
24-02-2020,11829.4,"3,225.90"
25-02-2020,11797.9,"3,128.20"
26-02-2020,11678.5,"3,116.40"
27-02-2020,11633.3,"2,978.80"
28-02-2020,11201.75,"2,954.20"
02-03-2020,11132.75,"3,090.20"
03-03-2020,11303.3,"3,003.40"
04-03-2020,11251,"3,130.10"
05-03-2020,11269,"3,023.90"
06-03-2020,10989.45,"2,972.40"
09-03-2020,10451.45,"2,746.60"
11-03-2020,10458.4,"2,741.40"
12-03-2020,9590.15,"2,480.60"
13-03-2020,9955.2,"2,711.00"
16-03-2020,9197.4,"2,386.10"
17-03-2020,8967.05,"2,529.20"
18-03-2020,8468.8,"2,398.10"
19-03-2020,8263.45,"2,409.40"
20-03-2020,8745.45,"2,304.90"
23-03-2020,7610.25,"2,237.40"
24-03-2020,7801.05,"2,447.30"
25-03-2020,8317.85,"2,475.60"
26-03-2020,8641.45,"2,630.10"
27-03-2020,8660.25,"2,541.50"
30-03-2020,8281.1,"2,626.70"
31-03-2020,8597.75,"2,584.60"
01-04-2020,8253.8,"2,470.50"
03-04-2020,8083.8,"2,488.70"
07-04-2020,8792.2,"2,659.40"
08-04-2020,8748.75,"2,750.00"
09-04-2020,9111.9,"2,789.80"
13-04-2020,8993.85,"2,761.60"
15-04-2020,8925.3,"2,783.40"
16-04-2020,8992.8,"2,799.60"
17-04-2020,9266.75,"2,874.60"
20-04-2020,9261.85,"2,823.20"
21-04-2020,8981.45,"2,736.60"
22-04-2020,9187.3,"2,799.30"
23-04-2020,9313.9,"2,797.80"
24-04-2020,9154.4,"2,836.70"
27-04-2020,9282.3,"2,878.50"
28-04-2020,9380.9,"2,863.40"
29-04-2020,9553.35,"2,939.50"
30-04-2020,9859.9,"2,912.40"
04-05-2020,9293.5,"2,842.70"
05-05-2020,9205.6,"2,868.40"
06-05-2020,9270.9,"2,848.40"
07-05-2020,9199.05,"2,881.20"
08-05-2020,9251.5,"2,929.80"
11-05-2020,9239.2,"2,930.30"
12-05-2020,9196.55,"2,870.10"
13-05-2020,9383.55,"2,820.00"
14-05-2020,9142.75,"2,852.50"
15-05-2020,9136.85,"2,863.70"
18-05-2020,8823.25,"2,953.90"
19-05-2020,8879.1,"2,922.90"
20-05-2020,9066.55,"2,971.60"
21-05-2020,9106.25,"2,948.50"
22-05-2020,9039.25,"2,955.40"
26-05-2020,9029.05,"2,991.80"
27-05-2020,9314.95,"3,036.10"
28-05-2020,9490.1,"3,029.70"
29-05-2020,9580.3,"3,044.30"
01-06-2020,9826.15,"3,055.70"
02-06-2020,9979.1,"3,080.80"
03-06-2020,10061.55,"3,122.90"
04-06-2020,10029.1,"3,112.30"
05-06-2020,10142.15,"3,193.90"
08-06-2020,10167.45,"3,232.40"
09-06-2020,10046.65,"3,207.20"
10-06-2020,10116.15,"3,190.10"
11-06-2020,9902,"3,002.10"
12-06-2020,9972.9,"3,041.30"
15-06-2020,9813.7,"3,066.60"
16-06-2020,9914,"3,124.70"
17-06-2020,9881.15,"3,113.50"
18-06-2020,10091.65,"3,115.30"
19-06-2020,10244.4,"3,097.70"
22-06-2020,10311.2,"3,117.90"
23-06-2020,10471,"3,131.30"
24-06-2020,10305.3,"3,050.30"
25-06-2020,10288.9,"3,083.80"
26-06-2020,10383,"3,009.10"
29-06-2020,10312.4,"3,053.20"
30-06-2020,10302.1,"3,100.30"
01-07-2020,10430.05,"3,115.90"
02-07-2020,10551.7,"3,130.00"
06-07-2020,10763.65,"3,179.70"
07-07-2020,10799.65,"3,145.30"
08-07-2020,10705.75,"3,169.90"
09-07-2020,10813.45,"3,152.10"
10-07-2020,10768.05,"3,185.00"
13-07-2020,10802.7,"3,155.20"
14-07-2020,10607.35,"3,197.50"
15-07-2020,10618.2,"3,226.60"
16-07-2020,10739.95,"3,215.60"
17-07-2020,10901.7,"3,224.70"
20-07-2020,11022.2,"3,251.80"
21-07-2020,11162.25,"3,257.30"
22-07-2020,11132.6,"3,276.00"
23-07-2020,11215.45,"3,235.70"
24-07-2020,11194.15,"3,215.60"
27-07-2020,11131.8,"3,239.40"
28-07-2020,11300.55,"3,218.40"
29-07-2020,11202.85,"3,258.40"
30-07-2020,11102.15,"3,246.20"
31-07-2020,11073.45,"3,271.10"
03-08-2020,10891.6,"3,294.60"
04-08-2020,11095.25,"3,306.50"
05-08-2020,11101.65,"3,327.80"
06-08-2020,11200.15,"3,349.20"
07-08-2020,11214.05,"3,351.30"
10-08-2020,11270.15,"3,360.50"
11-08-2020,11322.5,"3,333.70"
12-08-2020,11308.4,"3,380.30"
13-08-2020,11300.45,"3,373.40"
14-08-2020,11178.4,"3,372.80"
17-08-2020,11247.1,"3,382.00"
18-08-2020,11385.35,"3,389.80"
19-08-2020,11408.4,"3,374.80"
20-08-2020,11312.2,"3,385.50"
21-08-2020,11371.6,"3,397.20"
24-08-2020,11466.45,"3,431.30"
25-08-2020,11472.25,"3,443.60"
26-08-2020,11549.6,"3,478.70"
27-08-2020,11559.25,"3,484.60"
28-08-2020,11647.6,"3,508.00"
31-08-2020,11387.5,"3,500.30"
01-09-2020,11470.25,"3,526.70"
02-09-2020,11535,"3,580.80"
03-09-2020,11527.45,"3,455.10"
04-09-2020,11333.85,"3,427.00"
08-09-2020,11317.35,"3,331.80"
09-09-2020,11278,"3,399.00"
10-09-2020,11449.25,"3,339.20"
11-09-2020,11464.45,"3,341.00"
14-09-2020,11440.05,"3,383.50"
15-09-2020,11521.8,"3,401.20"
16-09-2020,11604.55,"3,385.50"
17-09-2020,11516.1,"3,357.00"
18-09-2020,11504.95,"3,319.50"
21-09-2020,11250.55,"3,281.10"
22-09-2020,11153.65,"3,315.60"
23-09-2020,11131.85,"3,236.90"
24-09-2020,10805.55,"3,246.60"
25-09-2020,11050.25,"3,298.50"
28-09-2020,11227.55,"3,351.60"
29-09-2020,11222.4,"3,335.50"
30-09-2020,11247.55,"3,363.00"
01-10-2020,11416.95,"3,380.80"
05-10-2020,11503.35,"3,408.60"
06-10-2020,11662.4,"3,360.90"
07-10-2020,11738.85,"3,419.40"
08-10-2020,11834.6,"3,446.80"
09-10-2020,11914.2,"3,477.10"
12-10-2020,11930.95,"3,534.20"
13-10-2020,11934.5,"3,511.90"
14-10-2020,11971.05,"3,488.70"
15-10-2020,11680.35,"3,483.30"
16-10-2020,11762.45,"3,483.80"
19-10-2020,11873.05,"3,426.90"
20-10-2020,11896.8,"3,443.10"
21-10-2020,11937.65,"3,435.60"
22-10-2020,11896.45,"3,453.50"
23-10-2020,11930.35,"3,465.40"
26-10-2020,11767.75,"3,401.00"
27-10-2020,11889.4,"3,390.70"
28-10-2020,11729.6,"3,271.00"
29-10-2020,11670.8,"3,310.10"
30-10-2020,11642.4,"3,270.00"
02-11-2020,11669.15,"3,310.20"
03-11-2020,11813.5,"3,369.20"
04-11-2020,11908.5,"3,443.40"
05-11-2020,12120.3,"3,510.40"
06-11-2020,12263.55,"3,509.40"
09-11-2020,12461.05,"3,550.50"
10-11-2020,12631.1,"3,545.50"
11-11-2020,12749.15,"3,572.70"
12-11-2020,12690.8,"3,537.00"
13-11-2020,12719.95,"3,585.20"
17-11-2020,12874.2,"3,609.50"
18-11-2020,12938.25,"3,567.80"
19-11-2020,12771.7,"3,581.90"
20-11-2020,12859.05,"3,557.50"
23-11-2020,12926.45,"3,577.60"
24-11-2020,13055.15,"3,635.40"
25-11-2020,12858.4,"3,629.70"
27-11-2020,12968.95,"3,638.30"
01-12-2020,13109.05,"3,662.40"
02-12-2020,13113.75,"3,669.00"
03-12-2020,13133.9,"3,666.70"
04-12-2020,13258.55,"3,699.10"
07-12-2020,13355.75,"3,692.00"
08-12-2020,13392.95,"3,702.20"
09-12-2020,13529.1,"3,672.80"
10-12-2020,13478.3,"3,668.10"
11-12-2020,13513.85,"3,663.50"
14-12-2020,13558.15,"3,647.50"
15-12-2020,13567.85,"3,694.60"
16-12-2020,13682.7,"3,701.20"
17-12-2020,13740.7,"3,722.50"
18-12-2020,13760.55,"3,709.40"
21-12-2020,13328.4,"3,694.90"
22-12-2020,13466.3,"3,687.30"
23-12-2020,13601.1,"3,690.00"
24-12-2020,13749.25,"3,703.10"
28-12-2020,13873.2,"3,735.40"
29-12-2020,13932.6,"3,727.00"
30-12-2020,13981.95,"3,732.00"
31-12-2020,13981.75,"3,756.10"
04-01-2021,14132.9,"3,700.70"
05-01-2021,14199.5,"3,726.90"
06-01-2021,14146.25,"3,748.10"
07-01-2021,14137.35,"3,803.80"
08-01-2021,14347.25,"3,824.70"
11-01-2021,14484.75,"3,799.60"
12-01-2021,14563.45,"3,801.20"
13-01-2021,14564.85,"3,809.80"
14-01-2021,14595.6,"3,795.50"
15-01-2021,14433.7,"3,768.20"
19-01-2021,14521.15,"3,798.90"
20-01-2021,14644.7,"3,851.80"
21-01-2021,14590.35,"3,853.10"
22-01-2021,14371.9,"3,841.50"
25-01-2021,14238.9,"3,855.40"
27-01-2021,13967.5,"3,750.80"
28-01-2021,13817.55,"3,787.40"
29-01-2021,13634.6,"3,714.20"
01-02-2021,14281.2,"3,773.90"
02-02-2021,14647.85,"3,826.30"
03-02-2021,14789.95,"3,830.20"
04-02-2021,14895.65,"3,871.70"
05-02-2021,14924.25,"3,886.80"
08-02-2021,15115.8,"3,915.60"
09-02-2021,15109.3,"3,911.20"
10-02-2021,15106.5,"3,909.90"
11-02-2021,15173.3,"3,916.40"
12-02-2021,15163.3,"3,934.80"
16-02-2021,15313.45,"3,932.60"
17-02-2021,15208.9,"3,931.30"
18-02-2021,15118.95,"3,914.00"
19-02-2021,14981.75,"3,906.70"
22-02-2021,14675.7,"3,876.50"
23-02-2021,14707.8,"3,881.40"
24-02-2021,14982,"3,925.40"
25-02-2021,15097.35,"3,829.30"
26-02-2021,14529.15,"3,811.20"
01-03-2021,14761.55,"3,901.80"
02-03-2021,14919.1,"3,870.30"
03-03-2021,15245.6,"3,819.70"
04-03-2021,15080.75,"3,768.50"
05-03-2021,14938.1,"3,841.90"
08-03-2021,14956.2,"3,821.30"
09-03-2021,15098.4,"3,875.40"
10-03-2021,15174.8,"3,898.80"
12-03-2021,15030.95,"3,943.30"
15-03-2021,14929.5,"3,968.90"
16-03-2021,14910.45,"3,962.70"
17-03-2021,14721.3,"3,974.10"
18-03-2021,14557.85,"3,915.50"
19-03-2021,14744,"3,913.10"
22-03-2021,14736.4,"3,940.60"
23-03-2021,14814.75,"3,910.50"
24-03-2021,14549.4,"3,889.10"
25-03-2021,14324.9,"3,909.50"
26-03-2021,14507.3,"3,974.50"
30-03-2021,14845.1,"3,958.60"
31-03-2021,14690.7,"3,972.90"
01-04-2021,14867.35,"4,019.90"
05-04-2021,14637.8,"4,077.90"
06-04-2021,14683.5,"4,073.90"
07-04-2021,14819.05,"4,079.90"
08-04-2021,14873.8,"4,097.20"
09-04-2021,14834.85,"4,128.80"
12-04-2021,14310.8,"4,128.00"
13-04-2021,14504.8,"4,141.60"
15-04-2021,14581.45,"4,170.40"
16-04-2021,14617.85,"4,185.50"
19-04-2021,14359.45,"4,163.30"
20-04-2021,14296.4,"4,134.90"
22-04-2021,14406.15,"4,135.00"
23-04-2021,14341.35,"4,180.20"
26-04-2021,14485,"4,187.60"
27-04-2021,14653.05,"4,186.70"
28-04-2021,14864.55,"4,183.20"
29-04-2021,14894.9,"4,211.50"
30-04-2021,14631.1,"4,181.20"
03-05-2021,14634.15,"4,192.70"
04-05-2021,14496.5,"4,164.70"
05-05-2021,14617.85,"4,167.60"
06-05-2021,14724.8,"4,201.60"
07-05-2021,14823.15,"4,232.60"
10-05-2021,14942.35,"4,188.40"
11-05-2021,14850.75,"4,152.10"
12-05-2021,14696.5,"4,063.00"
14-05-2021,14677.8,"4,173.90"
17-05-2021,14923.15,"4,163.30"
18-05-2021,15108.1,"4,127.80"
19-05-2021,15030.15,"4,115.70"
20-05-2021,14906.05,"4,159.10"
21-05-2021,15175.3,"4,155.90"
24-05-2021,15197.7,"4,197.10"
25-05-2021,15208.45,"4,188.10"
26-05-2021,15301.45,"4,196.00"
27-05-2021,15337.85,"4,200.90"
28-05-2021,15435.65,"4,204.10"
01-06-2021,15574.85,"4,202.00"
02-06-2021,15576.2,"4,208.10"
03-06-2021,15690.35,"4,192.90"
04-06-2021,15670.25,"4,229.90"
07-06-2021,15751.65,"4,226.50"
08-06-2021,15740.1,"4,227.30"
09-06-2021,15635.35,"4,219.60"
10-06-2021,15737.75,"4,239.20"
11-06-2021,15799.35,"4,247.40"
14-06-2021,15811.85,"4,255.10"
15-06-2021,15869.25,"4,246.60"
16-06-2021,15767.55,"4,223.70"
17-06-2021,15691.4,"4,221.90"
18-06-2021,15683.35,"4,166.40"
21-06-2021,15746.5,"4,224.80"
22-06-2021,15772.75,"4,246.40"
23-06-2021,15686.95,"4,241.80"
24-06-2021,15790.45,"4,266.50"
25-06-2021,15860.35,"4,280.70"
28-06-2021,15814.7,"4,290.60"
29-06-2021,15748.45,"4,291.80"
30-06-2021,15721.5,"4,297.50"
01-07-2021,15680,"4,319.90"
02-07-2021,15722.2,"4,352.30"
06-07-2021,15818.25,"4,343.50"
07-07-2021,15879.65,"4,358.10"
08-07-2021,15727.9,"4,320.80"
09-07-2021,15689.8,"4,369.60"
12-07-2021,15692.6,"4,384.60"
13-07-2021,15812.35,"4,369.20"
14-07-2021,15853.95,"4,374.30"
15-07-2021,15924.2,"4,360.00"
16-07-2021,15923.4,"4,327.20"
19-07-2021,15752.4,"4,258.50"
20-07-2021,15632.1,"4,323.10"
22-07-2021,15824.05,"4,367.50"
23-07-2021,15856.05,"4,411.80"
26-07-2021,15824.45,"4,422.30"
27-07-2021,15746.45,"4,401.50"
28-07-2021,15709.4,"4,400.60"
29-07-2021,15778.45,"4,419.10"
30-07-2021,15763.05,"4,395.30"
02-08-2021,15885.15,"4,387.20"
03-08-2021,16130.75,"4,423.10"
04-08-2021,16258.8,"4,402.70"
05-08-2021,16294.6,"4,429.10"
06-08-2021,16238.2,"4,436.50"
09-08-2021,16258.25,"4,432.40"
10-08-2021,16280.1,"4,436.80"
11-08-2021,16282.25,"4,447.70"
12-08-2021,16364.4,"4,460.80"
13-08-2021,16529.1,"4,468.00"
16-08-2021,16563.05,"4,479.70"
17-08-2021,16614.6,"4,448.10"
18-08-2021,16568.85,"4,400.30"
20-08-2021,16450.5,"4,441.70"
23-08-2021,16496.45,"4,479.50"
24-08-2021,16624.6,"4,486.20"
25-08-2021,16634.65,"4,496.20"
26-08-2021,16636.9,"4,470.00"
27-08-2021,16705.2,"4,509.40"
30-08-2021,16931.05,"4,528.80"
31-08-2021,17132.2,"4,522.70"
01-09-2021,17076.25,"4,524.10"
02-09-2021,17234.15,"4,536.90"
03-09-2021,17323.6,"4,535.40"
07-09-2021,17362.1,"4,520.00"
08-09-2021,17353.5,"4,514.10"
09-09-2021,17369.25,"4,493.30"
13-09-2021,17355.3,"4,468.70"
14-09-2021,17380,"4,443.10"
15-09-2021,17519.45,"4,480.70"
16-09-2021,17629.5,"4,473.80"
17-09-2021,17585.15,"4,433.00"
20-09-2021,17396.9,"4,357.70"
21-09-2021,17562,"4,354.20"
22-09-2021,17546.65,"4,395.60"
23-09-2021,17822.95,"4,449.00"
24-09-2021,17853.2,"4,455.50"
27-09-2021,17855.1,"4,443.10"
28-09-2021,17748.6,"4,352.60"
29-09-2021,17711.3,"4,359.50"
30-09-2021,17618.15,"4,307.50"
01-10-2021,17532.05,"4,357.00"
04-10-2021,17691.25,"4,300.50"
05-10-2021,17822.3,"4,345.70"
06-10-2021,17646,"4,363.60"
07-10-2021,17790.35,"4,399.80"
08-10-2021,17895.2,"4,391.30"
11-10-2021,17945.95,"4,361.20"
12-10-2021,17991.95,"4,350.60"
13-10-2021,18161.75,"4,363.80"
14-10-2021,18338.55,"4,438.30"
18-10-2021,18477.05,"4,486.50"
19-10-2021,18418.75,"4,519.60"
20-10-2021,18266.6,"4,536.20"
21-10-2021,18178.1,"4,549.80"
22-10-2021,18114.9,"4,544.90"
25-10-2021,18125.4,"4,566.50"
26-10-2021,18268.4,"4,574.80"
27-10-2021,18210.95,"4,551.70"
28-10-2021,17857.25,"4,596.40"
29-10-2021,17671.65,"4,605.40"
01-11-2021,17929.65,"4,613.70"
02-11-2021,17888.95,"4,630.60"
03-11-2021,17829.2,"4,660.60"
04-11-2021,17916.8,"4,680.10"
08-11-2021,18068.55,"4,701.70"
09-11-2021,18044.25,"4,685.20"
10-11-2021,18017.2,"4,646.70"
11-11-2021,17873.6,"4,649.30"
12-11-2021,18102.75,"4,682.90"
15-11-2021,18109.45,"4,682.80"
16-11-2021,17999.2,"4,700.90"
17-11-2021,17898.65,"4,688.70"
18-11-2021,17764.8,"4,704.50"
22-11-2021,17416.55,"4,682.90"
23-11-2021,17503.35,"4,690.70"
24-11-2021,17415.05,"4,701.50"
26-11-2021,17026.45,"4,594.60"
29-11-2021,17053.95,"4,655.30"
30-11-2021,16983.2,"4,567.00"
01-12-2021,17166.9,"4,513.00"
02-12-2021,17401.65,"4,577.10"
03-12-2021,17196.7,"4,538.40"
06-12-2021,16912.25,"4,591.70"
07-12-2021,17176.7,"4,686.80"
08-12-2021,17469.75,"4,701.20"
09-12-2021,17516.85,"4,667.40"
10-12-2021,17511.3,"4,712.00"
13-12-2021,17368.25,"4,669.00"
14-12-2021,17324.9,"4,634.10"
15-12-2021,17221.4,"4,709.90"
16-12-2021,17248.4,"4,668.70"
17-12-2021,16985.2,"4,620.60"
20-12-2021,16614.2,"4,568.00"
21-12-2021,16770.85,"4,649.20"
22-12-2021,16955.45,"4,696.60"
23-12-2021,17072.6,"4,725.80"
27-12-2021,17086.25,"4,791.20"
28-12-2021,17233.25,"4,786.40"
29-12-2021,17213.6,"4,793.10"
30-12-2021,17203.95,"4,778.70"
31-12-2021,17354.05,"4,766.20"
03-01-2022,17625.7,"4,796.60"
04-01-2022,17805.25,"4,793.50"
05-01-2022,17925.25,"4,700.60"
06-01-2022,17745.9,"4,696.10"
07-01-2022,17812.7,"4,677.00"
10-01-2022,18003.3,"4,670.30"
11-01-2022,18055.75,"4,713.10"
12-01-2022,18212.35,"4,726.40"
13-01-2022,18257.8,"4,659.00"
14-01-2022,18255.75,"4,662.90"
18-01-2022,18113.05,"4,577.10"
19-01-2022,17938.4,"4,532.80"
20-01-2022,17757,"4,482.70"
21-01-2022,17617.15,"4,397.90"
24-01-2022,17149.1,"4,410.10"
25-01-2022,17277.95,"4,356.40"
27-01-2022,17110.15,"4,326.50"
28-01-2022,17101.95,"4,431.90"
31-01-2022,17339.85,"4,515.60"
01-02-2022,17576.85,"4,546.50"
02-02-2022,17780,"4,589.40"
03-02-2022,17560.2,"4,477.40"
04-02-2022,17516.3,"4,500.50"
07-02-2022,17213.6,"4,483.90"
08-02-2022,17266.75,"4,521.50"
09-02-2022,17463.8,"4,587.20"
10-02-2022,17605.85,"4,504.10"
11-02-2022,17374.75,"4,418.64"
14-02-2022,16842.8,"4,401.67"
15-02-2022,17352.45,"4,471.07"
16-02-2022,17322.2,"4,475.01"
17-02-2022,17304.6,"4,380.26"
18-02-2022,17276.3,"4,348.87"
22-02-2022,17092.2,"4,304.76"
23-02-2022,17063.25,"4,225.50"
24-02-2022,16247.95,"4,288.70"
25-02-2022,16658.4,"4,384.65"
28-02-2022,16793.9,"4,373.94"
02-03-2022,16605.95,"4,386.54"
03-03-2022,16498.05,"4,363.49"
04-03-2022,16245.35,"4,328.87"
07-03-2022,15863.15,"4,201.09"
08-03-2022,16013.45,"4,170.70"
09-03-2022,16345.35,"4,277.88"
10-03-2022,16594.9,"4,259.52"
11-03-2022,16630.45,"4,204.31"
14-03-2022,16871.3,"4,173.11"
15-03-2022,16663,"4,262.45"
16-03-2022,16975.35,"4,357.86"
17-03-2022,17287.05,"4,411.67"
21-03-2022,17117.6,"4,461.18"
22-03-2022,17315.5,"4,511.61"
23-03-2022,17245.65,"4,456.24"
24-03-2022,17222.75,"4,520.16"
25-03-2022,17153,"4,543.06"
28-03-2022,17222,"4,575.52"
29-03-2022,17325.3,"4,631.60"
30-03-2022,17498.25,"4,602.45"
31-03-2022,17464.75,"4,530.41"
01-04-2022,17670.45,"4,545.86"
04-04-2022,18053.4,"4,582.64"
05-04-2022,17957.4,"4,525.12"
06-04-2022,17807.65,"4,481.15"
07-04-2022,17639.55,"4,500.21"
08-04-2022,17784.35,"4,488.28"
11-04-2022,17674.95,"4,412.53"
12-04-2022,17530.3,"4,397.45"
13-04-2022,17475.65,"4,446.59"
18-04-2022,17173.65,"4,391.69"
19-04-2022,16958.65,"4,462.21"
20-04-2022,17136.55,"4,459.45"
21-04-2022,17392.6,"4,393.66"
22-04-2022,17171.95,"4,271.78"
25-04-2022,16953.95,"4,296.12"
26-04-2022,17200.8,"4,175.20"
27-04-2022,17038.4,"4,183.96"
28-04-2022,17245.05,"4,287.50"
29-04-2022,17102.55,"4,131.93"
02-05-2022,17069.1,"4,155.38"
04-05-2022,16677.6,"4,300.17"
05-05-2022,16682.65,"4,146.87"
06-05-2022,16411.25,"4,123.34"
09-05-2022,16301.85,"3,991.24"
10-05-2022,16240.05,"4,001.05"
11-05-2022,16167.1,"3,935.18"
12-05-2022,15808,"3,930.08"
13-05-2022,15782.15,"4,023.89"
16-05-2022,15842.3,"4,008.01"
17-05-2022,16259.3,"4,088.85"
18-05-2022,16240.3,"3,923.68"
19-05-2022,15809.4,"3,900.79"
20-05-2022,16266.15,"3,901.36"
23-05-2022,16214.7,"3,973.75"
24-05-2022,16125.15,"3,941.48"
25-05-2022,16025.8,"3,978.73"
26-05-2022,16170.15,"4,057.84"
27-05-2022,16352.45,"4,158.24"
31-05-2022,16584.55,"4,132.15"
01-06-2022,16522.75,"4,101.23"
02-06-2022,16628,"4,176.82"
03-06-2022,16584.3,"4,108.54"
06-06-2022,16569.55,"4,121.43"
07-06-2022,16416.35,"4,160.68"
08-06-2022,16356.25,"4,115.77"
09-06-2022,16478.1,"4,017.82"
10-06-2022,16201.8,"3,900.86"
13-06-2022,15774.4,"3,749.63"
14-06-2022,15732.1,"3,735.48"
15-06-2022,15692.15,"3,789.99"
16-06-2022,15360.6,"3,666.77"
17-06-2022,15293.5,"3,674.84"
21-06-2022,15638.8,"3,764.79"
22-06-2022,15413.3,"3,759.89"
23-06-2022,15556.65,"3,795.73"
24-06-2022,15699.25,"3,911.74"
27-06-2022,15832.05,"3,900.11"
28-06-2022,15850.2,"3,821.55"
29-06-2022,15799.1,"3,818.83"
30-06-2022,15780.25,"3,785.38"
01-07-2022,15752.05,"3,825.33"
05-07-2022,15810.85,"3,831.39"
06-07-2022,15989.8,"3,845.08"
07-07-2022,16132.9,"3,902.62"
08-07-2022,16220.6,"3,899.38"
11-07-2022,16216,"3,854.43"
12-07-2022,16058.3,"3,818.80"
13-07-2022,15966.65,"3,801.78"
14-07-2022,15938.65,"3,790.38"
15-07-2022,16049.2,"3,863.16"
18-07-2022,16278.5,"3,830.85"
19-07-2022,16340.55,"3,936.69"
20-07-2022,16520.85,"3,959.90"
21-07-2022,16605.25,"3,998.95"
22-07-2022,16719.45,"3,961.63"
25-07-2022,16631,"3,966.84"
26-07-2022,16483.85,"3,921.05"
27-07-2022,16641.8,"4,023.61"
28-07-2022,16929.6,"4,072.43"
29-07-2022,17158.25,"4,130.29"
01-08-2022,17340.05,"4,118.63"
02-08-2022,17345.45,"4,091.19"
03-08-2022,17388.15,"4,155.17"
04-08-2022,17382,"4,151.94"
05-08-2022,17397.5,"4,145.19"
08-08-2022,17525.1,"4,140.06"
10-08-2022,17534.75,"4,210.24"
11-08-2022,17659,"4,207.27"
12-08-2022,17698.15,"4,280.15"
16-08-2022,17825.25,"4,305.20"
17-08-2022,17944.25,"4,274.04"
18-08-2022,17956.5,"4,283.74"
19-08-2022,17758.45,"4,228.48"
22-08-2022,17490.7,"4,137.99"
23-08-2022,17577.5,"4,128.73"
24-08-2022,17604.95,"4,140.77"
25-08-2022,17522.45,"4,199.12"
26-08-2022,17558.9,"4,057.66"
29-08-2022,17312.9,"4,030.61"
30-08-2022,17759.3,"3,986.16"
01-09-2022,17542.8,"3,966.85"
02-09-2022,17539.45,"3,924.26"
06-09-2022,17655.6,"3,908.19"
07-09-2022,17624.4,"3,979.87"
08-09-2022,17798.75,"4,006.18"
09-09-2022,17833.35,"4,067.36"
12-09-2022,17936.35,"4,110.41"
13-09-2022,18070.05,"3,932.69"
14-09-2022,18003.75,"3,946.01"
15-09-2022,17877.4,"3,901.35"
16-09-2022,17530.85,"3,873.33"
19-09-2022,17622.25,"3,899.89"
20-09-2022,17816.25,"3,855.93"
21-09-2022,17718.35,"3,789.93"
22-09-2022,17629.8,"3,757.99"
23-09-2022,17327.35,"3,693.23"
26-09-2022,17016.3,"3,655.04"
27-09-2022,17007.4,"3,647.29"
28-09-2022,16858.6,"3,719.04"
29-09-2022,16818.1,"3,640.47"
30-09-2022,17094.35,"3,585.62"
03-10-2022,16887.35,"3,678.43"
04-10-2022,17274.3,"3,790.93"
06-10-2022,17331.8,"3,744.52"
07-10-2022,17314.65,"3,639.66"
10-10-2022,17241,"3,612.39"
11-10-2022,16983.55,"3,588.84"
12-10-2022,17123.6,"3,577.03"
13-10-2022,17014.35,"3,669.91"
14-10-2022,17185.7,"3,583.07"
17-10-2022,17311.8,"3,677.95"
18-10-2022,17486.95,"3,719.98"
19-10-2022,17512.25,"3,695.16"
20-10-2022,17563.95,"3,665.78"
21-10-2022,17576.3,"3,752.75"
24-10-2022,17730.75,"3,797.34"
25-10-2022,17656.35,"3,859.11"
27-10-2022,17736.95,"3,807.30"
28-10-2022,17786.8,"3,901.06"
31-10-2022,18012.2,"3,871.98"
01-11-2022,18145.4,"3,856.10"
02-11-2022,18082.85,"3,759.69"
03-11-2022,18052.7,"3,719.89"
04-11-2022,18117.15,"3,770.55"
07-11-2022,18202.8,"3,806.80"
09-11-2022,18157,"3,748.57"
10-11-2022,18028.2,"3,956.37"
11-11-2022,18349.7,"3,992.93"
14-11-2022,18329.15,"3,957.25"
15-11-2022,18403.4,"3,991.73"
16-11-2022,18409.65,"3,958.79"
17-11-2022,18343.9,"3,946.56"
18-11-2022,18307.65,"3,965.34"
21-11-2022,18159.95,"3,949.94"
22-11-2022,18244.2,"4,003.58"
23-11-2022,18267.25,"4,027.26"
25-11-2022,18512.75,"4,026.12"
28-11-2022,18562.75,"3,963.94"
29-11-2022,18618.05,"3,957.63"
30-11-2022,18758.35,"4,080.11"
01-12-2022,18812.5,"4,076.57"
02-12-2022,18696.1,"4,071.70"
05-12-2022,18701.05,"3,998.84"
06-12-2022,18642.75,"3,941.26"
07-12-2022,18560.5,"3,933.92"
08-12-2022,18609.35,"3,963.51"
09-12-2022,18496.6,"3,934.38"
12-12-2022,18497.15,"3,990.56"
13-12-2022,18608,"4,019.65"
14-12-2022,18660.3,"3,995.32"
15-12-2022,18414.9,"3,895.75"
16-12-2022,18269,"3,852.36"
19-12-2022,18420.45,"3,817.66"
20-12-2022,18385.3,"3,821.62"
21-12-2022,18199.1,"3,878.44"
22-12-2022,18127.35,"3,822.39"
23-12-2022,17806.8,"3,844.82"
27-12-2022,18132.3,"3,829.25"
28-12-2022,18122.5,"3,783.22"
29-12-2022,18191,"3,849.28"
30-12-2022,18105.3,"3,839.50"
03-01-2023,18232.55,"3,824.14"
04-01-2023,18042.95,"3,852.97"
05-01-2023,17992.15,"3,808.10"
06-01-2023,17859.45,"3,895.08"
09-01-2023,18101.2,"3,892.09"
10-01-2023,17914.15,"3,919.25"
11-01-2023,17895.7,"3,969.61"
12-01-2023,17858.2,"3,983.17"
13-01-2023,17956.6,"3,999.09"
17-01-2023,18053.3,"3,990.97"
18-01-2023,18165.35,"3,928.86"
19-01-2023,18107.85,"3,898.85"
20-01-2023,18027.65,"3,972.61"
23-01-2023,18118.55,"4,019.81"
24-01-2023,18118.3,"4,016.95"
25-01-2023,17891.95,"4,016.22"
27-01-2023,17604.35,"4,070.56"
30-01-2023,17648.95,"4,017.77"
31-01-2023,17662.15,"4,076.60"
01-02-2023,17616.3,"4,119.21"
02-02-2023,17610.4,"4,179.76"
03-02-2023,17854.05,"4,136.48"
06-02-2023,17764.6,"4,111.08"
07-02-2023,17721.5,"4,164.00"
08-02-2023,17871.7,"4,117.86"
09-02-2023,17893.45,"4,081.50"
10-02-2023,17856.5,"4,090.46"
13-02-2023,17770.9,"4,137.29"
14-02-2023,17929.85,"4,136.13"
15-02-2023,18015.85,"4,147.60"
16-02-2023,18035.85,"4,090.41"
17-02-2023,17944.2,"4,079.09"
21-02-2023,17826.7,"3,997.34"
22-02-2023,17554.3,"3,991.05"
23-02-2023,17511.25,"4,012.32"
24-02-2023,17465.8,"3,970.04"
27-02-2023,17392.7,"3,982.24"
28-02-2023,17303.95,"3,970.15"
01-03-2023,17450.9,"3,951.39"
02-03-2023,17321.9,"3,981.35"
03-03-2023,17594.35,"4,045.64"
06-03-2023,17711.45,"4,048.42"
08-03-2023,17754.4,"3,992.01"
09-03-2023,17589.6,"3,918.32"
10-03-2023,17412.9,"3,861.59"
13-03-2023,17154.3,"3,855.76"
14-03-2023,17043.3,"3,919.29"
15-03-2023,16972.15,"3,891.93"
16-03-2023,16985.6,"3,960.28"
17-03-2023,17100.05,"3,916.64"
20-03-2023,16988.4,"3,951.57"
21-03-2023,17107.5,"4,002.87"
22-03-2023,17151.9,"3,936.97"
23-03-2023,17076.9,"3,948.72"
24-03-2023,16945.05,"3,970.99"
27-03-2023,16985.7,"3,977.53"
28-03-2023,16951.7,"3,971.27"
29-03-2023,17080.7,"4,027.81"
31-03-2023,17359.75,"4,109.31"
03-04-2023,17398.05,"4,124.51"
05-04-2023,17557.05,"4,090.38"
06-04-2023,17599.15,"4,105.02"
10-04-2023,17624.05,"4,109.11"
11-04-2023,17722.3,"4,108.94"
12-04-2023,17812.4,"4,091.95"
13-04-2023,17828,"4,146.22"
17-04-2023,17706.85,"4,151.32"
18-04-2023,17660.15,"4,154.87"
19-04-2023,17618.75,"4,154.52"
20-04-2023,17624.45,"4,129.79"
21-04-2023,17624.05,"4,133.52"
24-04-2023,17743.4,"4,137.04"
25-04-2023,17769.25,"4,071.63"
26-04-2023,17813.6,"4,055.99"
27-04-2023,17915.05,"4,135.35"
28-04-2023,18065,"4,169.48"
02-05-2023,18147.65,"4,119.58"
03-05-2023,18089.85,"4,090.75"
04-05-2023,18255.8,"4,061.22"
05-05-2023,18069,"4,136.25"
08-05-2023,18264.4,"4,138.12"
09-05-2023,18265.95,"4,119.17"
10-05-2023,18315.1,"4,137.64"
11-05-2023,18297,"4,130.62"
12-05-2023,18314.8,"4,124.08"
15-05-2023,18398.85,"4,136.28"
16-05-2023,18286.5,"4,109.90"
17-05-2023,18181.75,"4,158.77"
18-05-2023,18129.95,"4,198.05"
19-05-2023,18203.4,"4,191.98"
22-05-2023,18314.4,"4,192.63"
23-05-2023,18348,"4,145.58"
24-05-2023,18285.4,"4,115.24"
25-05-2023,18321.15,"4,151.28"
26-05-2023,18499.35,"4,205.45"
30-05-2023,18633.85,"4,205.52"
31-05-2023,18534.4,"4,179.83"
01-06-2023,18487.75,"4,221.02"
02-06-2023,18534.1,"4,282.37"
05-06-2023,18593.85,"4,273.79"
06-06-2023,18599,"4,283.85"
07-06-2023,18726.4,"4,267.52"
08-06-2023,18634.55,"4,293.93"
09-06-2023,18563.4,"4,298.86"
12-06-2023,18601.5,"4,338.93"
13-06-2023,18716.15,"4,369.01"
14-06-2023,18755.9,"4,372.59"
15-06-2023,18688.1,"4,425.84"
16-06-2023,18826,"4,409.59"
20-06-2023,18816.7,"4,388.71"
21-06-2023,18856.85,"4,365.69"
22-06-2023,18771.25,"4,381.89"
23-06-2023,18665.5,"4,348.33"
26-06-2023,18691.2,"4,328.82"
27-06-2023,18817.4,"4,378.41"
28-06-2023,18972.1,"4,376.86"
30-06-2023,19189.05,"4,450.38"
03-07-2023,19322.55,"4,455.59"
05-07-2023,19398.5,"4,446.82"
06-07-2023,19497.3,"4,411.59"
07-07-2023,19331.8,"4,398.95"
10-07-2023,19355.9,"4,409.53"
11-07-2023,19439.4,"4,439.26"
12-07-2023,19384.3,"4,472.16"
13-07-2023,19413.75,"4,510.04"
14-07-2023,19564.5,"4,505.42"
17-07-2023,19711.45,"4,522.79"
18-07-2023,19749.25,"4,554.98"
19-07-2023,19833.15,"4,565.72"
20-07-2023,19979.15,"4,534.87"
21-07-2023,19745,"4,536.34"
24-07-2023,19672.35,"4,554.64"
25-07-2023,19680.6,"4,567.46"
26-07-2023,19778.3,"4,566.75"
27-07-2023,19659.9,"4,537.41"
28-07-2023,19646.05,"4,582.23"
31-07-2023,19753.8,"4,588.96"
01-08-2023,19733.55,"4,576.73"
02-08-2023,19526.55,"4,513.39"
03-08-2023,19381.65,"4,501.89"
04-08-2023,19517,"4,478.03"
07-08-2023,19597.3,"4,518.44"
08-08-2023,19570.85,"4,499.38"
09-08-2023,19632.55,"4,467.71"
10-08-2023,19543.1,"4,468.83"
11-08-2023,19428.3,"4,464.05"
14-08-2023,19434.55,"4,489.72"
16-08-2023,19465,"4,404.33"
17-08-2023,19365.25,"4,370.36"
18-08-2023,19310.15,"4,369.71"
21-08-2023,19393.6,"4,399.77"
22-08-2023,19396.45,"4,387.55"
23-08-2023,19444,"4,436.01"
24-08-2023,19386.7,"4,376.31"
25-08-2023,19265.8,"4,405.71"
28-08-2023,19306.05,"4,433.31"
29-08-2023,19342.65,"4,497.63"
30-08-2023,19347.45,"4,514.87"
31-08-2023,19253.8,"4,507.66"
01-09-2023,19435.3,"4,515.77"
05-09-2023,19574.9,"4,496.83"
06-09-2023,19611.05,"4,465.48"
07-09-2023,19727.05,"4,451.14"
08-09-2023,19819.95,"4,457.49"
11-09-2023,19996.35,"4,487.46"
12-09-2023,19993.2,"4,461.90"
13-09-2023,20070,"4,467.44"
14-09-2023,20103.1,"4,505.10"
15-09-2023,20192.35,"4,450.32"
18-09-2023,20133.3,"4,453.53"
20-09-2023,19901.4,"4,402.20"
21-09-2023,19742.35,"4,330.00"
22-09-2023,19674.25,"4,320.06"
25-09-2023,19674.55,"4,337.44"
26-09-2023,19664.7,"4,273.53"
27-09-2023,19716.45,"4,274.51"
28-09-2023,19523.55,"4,299.70"
29-09-2023,19638.3,"4,288.05"
03-10-2023,19528.75,"4,229.45"
04-10-2023,19436.1,"4,263.75"
05-10-2023,19545.75,"4,258.19"
06-10-2023,19653.5,"4,308.50"
09-10-2023,19512.35,"4,335.66"
10-10-2023,19689.85,"4,358.24"
11-10-2023,19811.35,"4,376.95"
12-10-2023,19794,"4,349.61"
13-10-2023,19751.05,"4,327.78"
16-10-2023,19731.75,"4,373.63"
17-10-2023,19811.5,"4,373.20"
18-10-2023,19671.1,"4,314.60"
19-10-2023,19624.7,"4,278.00"
20-10-2023,19542.65,"4,224.16"
23-10-2023,19281.75,"4,217.04"
25-10-2023,19122.15,"4,186.77"
26-10-2023,18857.25,"4,137.23"
27-10-2023,19047.25,"4,117.37"
30-10-2023,19140.9,"4,166.82"
31-10-2023,19079.6,"4,193.80"
01-11-2023,18989.15,"4,237.86"
02-11-2023,19133.25,"4,317.78"
03-11-2023,19230.6,"4,358.34"
06-11-2023,19411.75,"4,365.98"
07-11-2023,19406.7,"4,378.38"
08-11-2023,19443.5,"4,382.78"
09-11-2023,19395.3,"4,347.35"
10-11-2023,19425.35,"4,415.24"
13-11-2023,19443.55,"4,411.55"
15-11-2023,19675.45,"4,502.88"
16-11-2023,19765.2,"4,508.24"
17-11-2023,19731.8,"4,514.02"
20-11-2023,19694,"4,547.38"
21-11-2023,19783.4,"4,538.19"
22-11-2023,19811.85,"4,556.62"
24-11-2023,19794.7,"4,559.34"
28-11-2023,19889.7,"4,554.89"
29-11-2023,20096.6,"4,550.58"
30-11-2023,20133.15,"4,567.80"
01-12-2023,20267.9,"4,594.63"
04-12-2023,20686.8,"4,569.78"
05-12-2023,20855.1,"4,567.18"
06-12-2023,20937.7,"4,549.34"
07-12-2023,20901.15,"4,585.59"
08-12-2023,20969.4,"4,604.37"
11-12-2023,20997.1,"4,622.44"
12-12-2023,20906.4,"4,643.70"
13-12-2023,20926.35,"4,707.09"
14-12-2023,21182.7,"4,719.55"
15-12-2023,21456.65,"4,719.19"
18-12-2023,21418.65,"4,740.56"
19-12-2023,21453.1,"4,768.37"
20-12-2023,21150.15,"4,698.35"
21-12-2023,21255.05,"4,746.75"
22-12-2023,21349.4,"4,754.63"
26-12-2023,21441.35,"4,774.75"
27-12-2023,21654.75,"4,781.58"
28-12-2023,21778.7,"4,783.35"
29-12-2023,21731.4,"4,769.83"
02-01-2024,21665.8,"4,742.83"
03-01-2024,21517.35,"4,704.81"
04-01-2024,21658.6,"4,688.68"
05-01-2024,21710.8,"4,697.24"
08-01-2024,21513,"4,763.54"
09-01-2024,21544.85,"4,756.50"
10-01-2024,21618.7,"4,783.45"
11-01-2024,21647.2,"4,780.24"
12-01-2024,21894.55,"4,783.83"
16-01-2024,22032.3,"4,765.98"
17-01-2024,21571.95,"4,739.21"
18-01-2024,21462.25,"4,780.94"
19-01-2024,21622.4,"4,839.81"
23-01-2024,21238.8,"4,864.60"
24-01-2024,21453.95,"4,868.55"
25-01-2024,21352.6,"4,894.16"
29-01-2024,21737.6,"4,927.93"
30-01-2024,21522.1,"4,924.97"
31-01-2024,21725.7,"4,845.65"
01-02-2024,21697.45,"4,906.19"
02-02-2024,21853.8,"4,958.61"
05-02-2024,21771.7,"4,942.81"
06-02-2024,21929.4,"4,954.23"
07-02-2024,21930.5,"4,995.06"
08-02-2024,21717.95,"4,997.91"
09-02-2024,21782.5,"5,026.61"
12-02-2024,21616.05,"5,021.84"
13-02-2024,21743.25,"4,953.17"
14-02-2024,21840.05,"5,000.62"
15-02-2024,21910.75,"5,029.73"
16-02-2024,22040.7,"5,005.57"
20-02-2024,22196.95,"4,975.51"
21-02-2024,22055.05,"4,981.80"
22-02-2024,22217.45,"5,087.03"
23-02-2024,22212.7,"5,088.80"
26-02-2024,22122.05,"5,069.53"
27-02-2024,22198.35,"5,078.18"
28-02-2024,21951.15,"5,069.76"
29-02-2024,21982.8,"5,096.27"
01-03-2024,22338.75,"5,137.08"
04-03-2024,22405.6,"5,130.95"
05-03-2024,22356.3,"5,078.65"
06-03-2024,22474.05,"5,104.76"
07-03-2024,22493.55,"5,157.36"
11-03-2024,22332.65,"5,117.94"
12-03-2024,22335.7,"5,175.27"
13-03-2024,21997.7,"5,165.31"
14-03-2024,22146.65,"5,150.48"
15-03-2024,22023.35,"5,117.09"
18-03-2024,22055.7,"5,149.42"
19-03-2024,21817.45,"5,178.51"
20-03-2024,21839.1,"5,224.62"
21-03-2024,22011.95,"5,241.53"
22-03-2024,22096.75,"5,234.18"
26-03-2024,22004.7,"5,203.58"
27-03-2024,22123.65,"5,248.49"
28-03-2024,22326.9,"5,254.35"
01-04-2024,22462,"5,243.77"
02-04-2024,22453.3,"5,205.81"
03-04-2024,22434.65,"5,211.49"
04-04-2024,22514.65,"5,147.21"
05-04-2024,22513.7,"5,204.34"
08-04-2024,22666.3,"5,202.39"
09-04-2024,22642.75,"5,209.91"
10-04-2024,22753.8,"5,160.64"
12-04-2024,22519.4,"5,123.41"
15-04-2024,22272.5,"5,061.82"
16-04-2024,22147.9,"5,051.41"
18-04-2024,21995.85,"5,011.12"
19-04-2024,22147,"4,967.23"
22-04-2024,22336.4,"5,010.60"
23-04-2024,22368,"5,070.55"
24-04-2024,22402.4,"5,071.63"
25-04-2024,22570.35,"5,048.42"
26-04-2024,22419.95,"5,099.96"
29-04-2024,22643.4,"5,116.17"
30-04-2024,22604.85,"5,035.69"
02-05-2024,22648.2,"5,064.20"
03-05-2024,22475.85,"5,127.79"
06-05-2024,22442.7,"5,180.74"
07-05-2024,22302.5,"5,187.70"
08-05-2024,22302.5,"5,187.67"
09-05-2024,21957.5,"5,214.08"
10-05-2024,22055.2,"5,222.68"
13-05-2024,22104.05,"5,221.42"
14-05-2024,22217.85,"5,246.68"
15-05-2024,22200.55,"5,308.15"
16-05-2024,22403.85,"5,297.10"
17-05-2024,22466.1,"5,303.27"
21-05-2024,22529.05,"5,321.41"
22-05-2024,22597.8,"5,307.01"
23-05-2024,22967.65,"5,267.84"
24-05-2024,22957.1,"5,304.72"
28-05-2024,22888.15,"5,306.04"
29-05-2024,22704.7,"5,266.95"
30-05-2024,22488.65,"5,235.48"
31-05-2024,22530.7,"5,277.51"
03-06-2024,23263.9,"5,283.40"
04-06-2024,21884.5,"5,291.34"
05-06-2024,22620.35,"5,354.03"
06-06-2024,22821.4,"5,352.96"
07-06-2024,23290.15,"5,346.99"
10-06-2024,23259.2,"5,360.79"
11-06-2024,23264.85,"5,375.32"
12-06-2024,23322.95,"5,421.03"
13-06-2024,23398.9,"5,433.74"
14-06-2024,23465.6,"5,431.60"
18-06-2024,23557.9,"5,487.03"
20-06-2024,23567,"5,473.17"
21-06-2024,23501.1,"5,464.62"
24-06-2024,23537.85,"5,447.87"
25-06-2024,23721.3,"5,469.30"
26-06-2024,23868.8,"5,477.90"
27-06-2024,24044.5,"5,482.87"
28-06-2024,24010.6,"5,460.48"
01-07-2024,24141.95,"5,475.09"
02-07-2024,24123.85,"5,509.01"
03-07-2024,24286.5,"5,537.02"
05-07-2024,24323.85,"5,567.19"
08-07-2024,24320.55,"5,572.85"
09-07-2024,24433.2,"5,576.98"
10-07-2024,24324.45,"5,633.91"
11-07-2024,24315.95,"5,584.54"
12-07-2024,24502.15,"5,615.35"
15-07-2024,24586.7,"5,631.22"
16-07-2024,24613,"5,667.20"
18-07-2024,24800.85,"5,544.59"
19-07-2024,24530.9,"5,505.00"
22-07-2024,24509.25,"5,564.41"
23-07-2024,24479.05,"5,555.74"
24-07-2024,24413.5,"5,427.13"
25-07-2024,24406.1,"5,399.22"
26-07-2024,24834.85,"5,459.10"
29-07-2024,24836.1,"5,463.54"
30-07-2024,24857.3,"5,436.44"
31-07-2024,24951.15,"5,522.30"
01-08-2024,25010.9,"5,446.68"
02-08-2024,24717.7,"5,346.56"
05-08-2024,24055.6,"5,186.33"
06-08-2024,23992.55,"5,240.03"
07-08-2024,24297.5,"5,199.50"
08-08-2024,24117,"5,319.31"
09-08-2024,24367.5,"5,344.16"
12-08-2024,24347,"5,344.39"
13-08-2024,24139,"5,434.43"
14-08-2024,24143.75,"5,455.21"
16-08-2024,24541.15,"5,554.25"
19-08-2024,24572.65,"5,608.25"
20-08-2024,24698.85,"5,597.12"
21-08-2024,24770.2,"5,620.85"
22-08-2024,24811.5,"5,570.64"
23-08-2024,24823.15,"5,634.61"
26-08-2024,25010.6,"5,616.84"
27-08-2024,25017.75,"5,625.80"
28-08-2024,25052.35,"5,592.18"
29-08-2024,25151.95,"5,591.96"
30-08-2024,25235.9,"5,648.40"
03-09-2024,25279.85,"5,528.93"
04-09-2024,25198.7,"5,520.07"
05-09-2024,25145.1,"5,503.41"
06-09-2024,24852.15,"5,408.42"
09-09-2024,24936.4,"5,471.05"
10-09-2024,25041.1,"5,495.52"
11-09-2024,24918.45,"5,554.13"
12-09-2024,25388.9,"5,595.76"
13-09-2024,25356.5,"5,626.02"
16-09-2024,25383.75,"5,633.09"
17-09-2024,25418.55,"5,634.58"
18-09-2024,25377.55,"5,618.26"
19-09-2024,25415.8,"5,713.64"
20-09-2024,25790.95,"5,702.55"
23-09-2024,25939.05,"5,718.57"
24-09-2024,25940.4,"5,732.93"
25-09-2024,26004.15,"5,722.26"
26-09-2024,26216.05,"5,745.37"
27-09-2024,26178.95,"5,738.17"
30-09-2024,25810.85,"5,762.48"
01-10-2024,25796.9,"5,708.75"
03-10-2024,25250.1,"5,699.94"
04-10-2024,25014.6,"5,751.07"
07-10-2024,24795.75,"5,695.94"
08-10-2024,25013.15,"5,751.13"
09-10-2024,24981.95,"5,792.04"
10-10-2024,24998.45,"5,780.05"
11-10-2024,24964.25,"5,815.03"
14-10-2024,25127.95,"5,859.85"
15-10-2024,25057.35,"5,815.26"
16-10-2024,24971.3,"5,842.47"
17-10-2024,24749.85,"5,841.47"
18-10-2024,24854.05,"5,864.67"
21-10-2024,24781.1,"5,853.98"
22-10-2024,24472.1,"5,851.20"
23-10-2024,24435.5,"5,797.42"
24-10-2024,24399.4,"5,809.86"
25-10-2024,24180.8,"5,808.12"
28-10-2024,24339.15,"5,823.52"
29-10-2024,24466.85,"5,832.92"
30-10-2024,24340.85,"5,813.67"
31-10-2024,24205.35,"5,705.45"
01-11-2024,24304.35,"5,728.80"
04-11-2024,23995.35,"5,712.69"
05-11-2024,24213.3,"5,782.76"
06-11-2024,24484.05,"5,929.04"
07-11-2024,24199.35,"5,973.10"
08-11-2024,24148.2,"5,995.54"
11-11-2024,24141.3,"6,001.35"
12-11-2024,23883.45,"5,983.99"
13-11-2024,23559.05,"5,985.38"
14-11-2024,23532.7,"5,949.17"
18-11-2024,23453.8,"5,893.62"
19-11-2024,23518.5,"5,916.98"
21-11-2024,23349.9,"5,948.71"
22-11-2024,23907.25,"5,969.34"
25-11-2024,24221.9,"5,987.37"
26-11-2024,24194.5,"6,021.63"
27-11-2024,24274.9,"5,998.74"
29-11-2024,24131.1,"6,032.38"
02-12-2024,24276.05,"6,047.15"
03-12-2024,24457.15,"6,049.88"
04-12-2024,24467.45,"6,086.49"
05-12-2024,24708.4,"6,075.11"
06-12-2024,24677.8,"6,090.27"
09-12-2024,24619,"6,052.85"
10-12-2024,24610.05,"6,034.91"
11-12-2024,24641.8,"6,084.19"
12-12-2024,24548.7,"6,051.25"
13-12-2024,24768.3,"6,051.09"
16-12-2024,24668.25,"6,074.08"
17-12-2024,24336,"6,050.61"
18-12-2024,24198.85,"5,872.16"
19-12-2024,23951.7,"5,867.08"
20-12-2024,23587.5,"5,930.85"
23-12-2024,23753.45,"5,974.07"
24-12-2024,23727.65,"6,040.04"
26-12-2024,23750.2,"6,037.59"
27-12-2024,23813.4,"5,970.84"
30-12-2024,23644.9,"5,906.94"
31-12-2024,23644.8,"5,881.63"
02-01-2025,24188.65,"5,868.55"
03-01-2025,24004.75,"5,942.47"
06-01-2025,23616.05,"5,975.38"
07-01-2025,23707.9,"5,909.03"
08-01-2025,23688.95,"5,918.25"
10-01-2025,23431.5,"5,827.04"
13-01-2025,23085.95,"5,836.22"
14-01-2025,23176.05,"5,842.91"
15-01-2025,23213.2,"5,949.91"
16-01-2025,23311.8,"5,937.34"
17-01-2025,23203.2,"5,996.66"
21-01-2025,23024.65,"6,049.24"
22-01-2025,23155.35,"6,086.37"
23-01-2025,23205.35,"6,118.71"
24-01-2025,23092.2,"6,101.24"
27-01-2025,22829.15,"6,012.28"
28-01-2025,22957.25,"6,067.70"
29-01-2025,23163.1,"6,039.31"
30-01-2025,23249.5,"6,071.17"
31-01-2025,23508.4,"6,040.53"
03-02-2025,23361.05,"5,994.57"
04-02-2025,23739.25,"6,037.88"
05-02-2025,23696.3,"6,061.48"
06-02-2025,23603.35,"6,083.57"
07-02-2025,23559.95,"6,025.99"
10-02-2025,23381.6,"6,066.44"
11-02-2025,23071.8,"6,068.50"
12-02-2025,23045.25,"6,051.97"
13-02-2025,23031.4,"6,115.07"
14-02-2025,22929.25,"6,114.63"
18-02-2025,22945.3,"6,129.58"
19-02-2025,22932.9,"6,144.15"
20-02-2025,22913.15,"6,117.52"
21-02-2025,22795.9,"6,013.13"
24-02-2025,22553.35,"5,983.25"
25-02-2025,22547.55,"5,955.25"
27-02-2025,22545.05,"5,861.57"
28-02-2025,22124.7,"5,954.50"
03-03-2025,22119.3,"5,849.72"
04-03-2025,22082.65,"5,778.15"
05-03-2025,22337.3,"5,842.63"
06-03-2025,22544.7,"5,738.52"
07-03-2025,22552.5,"5,770.20"
10-03-2025,22460.3,"5,614.56"
11-03-2025,22497.9,"5,572.07"
12-03-2025,22470.5,"5,599.30"
13-03-2025,22397.2,"5,521.52"
17-03-2025,22508.75,"5,675.12"
18-03-2025,22834.3,"5,614.66"
19-03-2025,22907.6,"5,675.29"
20-03-2025,23190.65,"5,662.89"
21-03-2025,23350.4,"5,667.56"
