Date,Closed
02-01-2015,"2,058.20"
05-01-2015,"2,020.60"
06-01-2015,"2,002.60"
07-01-2015,"2,025.90"
08-01-2015,"2,062.10"
09-01-2015,"2,044.80"
12-01-2015,"2,028.30"
13-01-2015,"2,023.00"
14-01-2015,"2,011.30"
15-01-2015,"1,992.70"
16-01-2015,"2,019.40"
20-01-2015,"2,022.50"
21-01-2015,"2,032.10"
22-01-2015,"2,063.20"
23-01-2015,"2,051.80"
26-01-2015,"2,057.10"
27-01-2015,"2,029.50"
28-01-2015,"2,002.20"
29-01-2015,"2,021.20"
30-01-2015,"1,995.00"
02-02-2015,"2,020.80"
03-02-2015,"2,050.00"
04-02-2015,"2,041.50"
05-02-2015,"2,062.50"
06-02-2015,"2,055.50"
09-02-2015,"2,046.70"
10-02-2015,"2,068.60"
11-02-2015,"2,068.50"
12-02-2015,"2,088.50"
13-02-2015,"2,097.00"
17-02-2015,"2,100.30"
18-02-2015,"2,099.70"
19-02-2015,"2,097.40"
20-02-2015,"2,110.30"
23-02-2015,"2,109.70"
24-02-2015,"2,115.50"
25-02-2015,"2,113.90"
26-02-2015,"2,110.70"
27-02-2015,"2,104.50"
02-03-2015,"2,117.40"
03-03-2015,"2,107.80"
04-03-2015,"2,098.50"
05-03-2015,"2,101.00"
06-03-2015,"2,071.30"
09-03-2015,"2,079.40"
10-03-2015,"2,044.20"
11-03-2015,"2,040.20"
12-03-2015,"2,065.90"
13-03-2015,"2,053.40"
16-03-2015,"2,081.20"
17-03-2015,"2,074.30"
18-03-2015,"2,099.50"
19-03-2015,"2,089.30"
20-03-2015,"2,108.10"
23-03-2015,"2,104.40"
24-03-2015,"2,091.50"
25-03-2015,"2,061.10"
26-03-2015,"2,056.20"
27-03-2015,"2,061.00"
30-03-2015,"2,086.20"
31-03-2015,"2,067.90"
01-04-2015,"2,059.70"
02-04-2015,"2,067.00"
06-04-2015,"2,080.60"
07-04-2015,"2,076.30"
08-04-2015,"2,081.90"
09-04-2015,"2,091.20"
10-04-2015,"2,102.10"
13-04-2015,"2,092.40"
14-04-2015,"2,095.80"
15-04-2015,"2,106.60"
16-04-2015,"2,105.00"
17-04-2015,"2,081.20"
20-04-2015,"2,100.40"
21-04-2015,"2,097.30"
22-04-2015,"2,108.00"
23-04-2015,"2,112.90"
24-04-2015,"2,117.70"
27-04-2015,"2,108.90"
28-04-2015,"2,114.80"
29-04-2015,"2,106.80"
30-04-2015,"2,085.50"
01-05-2015,"2,108.30"
04-05-2015,"2,114.50"
05-05-2015,"2,089.50"
06-05-2015,"2,080.20"
07-05-2015,"2,088.00"
08-05-2015,"2,116.10"
11-05-2015,"2,105.30"
12-05-2015,"2,099.10"
13-05-2015,"2,098.50"
14-05-2015,"2,121.10"
15-05-2015,"2,122.70"
18-05-2015,"2,129.20"
19-05-2015,"2,127.80"
20-05-2015,"2,125.80"
21-05-2015,"2,130.80"
22-05-2015,"2,126.10"
26-05-2015,"2,104.20"
27-05-2015,"2,123.50"
28-05-2015,"2,120.80"
29-05-2015,"2,107.40"
01-06-2015,"2,111.70"
02-06-2015,"2,109.60"
03-06-2015,"2,114.10"
04-06-2015,"2,095.80"
05-06-2015,"2,092.80"
08-06-2015,"2,079.30"
09-06-2015,"2,080.20"
10-06-2015,"2,105.20"
11-06-2015,"2,108.90"
12-06-2015,"2,094.10"
15-06-2015,"2,084.40"
16-06-2015,"2,096.30"
17-06-2015,"2,100.40"
18-06-2015,"2,121.20"
19-06-2015,"2,110.00"
22-06-2015,"2,122.80"
23-06-2015,"2,124.20"
24-06-2015,"2,108.60"
25-06-2015,"2,102.30"
26-06-2015,"2,101.50"
29-06-2015,"2,057.60"
30-06-2015,"2,063.10"
01-07-2015,"2,077.40"
02-07-2015,"2,076.80"
06-07-2015,"2,068.80"
07-07-2015,"2,081.30"
08-07-2015,"2,046.70"
09-07-2015,"2,051.30"
10-07-2015,"2,076.60"
13-07-2015,"2,099.60"
14-07-2015,"2,108.90"
15-07-2015,"2,107.40"
16-07-2015,"2,124.30"
17-07-2015,"2,126.60"
20-07-2015,"2,128.30"
21-07-2015,"2,119.20"
22-07-2015,"2,114.20"
23-07-2015,"2,102.20"
24-07-2015,"2,079.70"
27-07-2015,"2,067.60"
28-07-2015,"2,093.20"
29-07-2015,"2,108.60"
30-07-2015,"2,108.60"
31-07-2015,"2,103.80"
03-08-2015,"2,098.00"
04-08-2015,"2,093.30"
05-08-2015,"2,099.80"
06-08-2015,"2,083.60"
07-08-2015,"2,077.60"
10-08-2015,"2,104.20"
11-08-2015,"2,084.10"
12-08-2015,"2,086.10"
13-08-2015,"2,083.40"
14-08-2015,"2,091.50"
17-08-2015,"2,102.40"
18-08-2015,"2,096.90"
19-08-2015,"2,079.60"
20-08-2015,"2,035.70"
21-08-2015,"1,970.90"
24-08-2015,"1,893.20"
25-08-2015,"1,867.60"
26-08-2015,"1,940.50"
27-08-2015,"1,987.70"
28-08-2015,"1,988.90"
31-08-2015,"1,972.20"
01-09-2015,"1,913.80"
02-09-2015,"1,948.90"
03-09-2015,"1,951.10"
04-09-2015,"1,921.20"
08-09-2015,"1,969.40"
09-09-2015,"1,942.00"
10-09-2015,"1,952.30"
11-09-2015,"1,961.00"
14-09-2015,"1,953.00"
15-09-2015,"1,978.10"
16-09-2015,"1,995.30"
17-09-2015,"1,990.20"
18-09-2015,"1,958.00"
21-09-2015,"1,967.00"
22-09-2015,"1,942.70"
23-09-2015,"1,938.80"
24-09-2015,"1,932.20"
25-09-2015,"1,931.30"
28-09-2015,"1,881.80"
29-09-2015,"1,884.10"
30-09-2015,"1,920.00"
01-10-2015,"1,923.80"
02-10-2015,"1,951.40"
05-10-2015,"1,987.00"
06-10-2015,"1,979.90"
07-10-2015,"1,995.80"
08-10-2015,"2,013.40"
09-10-2015,"2,014.90"
12-10-2015,"2,017.50"
13-10-2015,"2,003.70"
14-10-2015,"1,994.20"
15-10-2015,"2,023.90"
16-10-2015,"2,033.10"
19-10-2015,"2,033.70"
20-10-2015,"2,030.80"
21-10-2015,"2,018.90"
22-10-2015,"2,052.50"
23-10-2015,"2,075.20"
26-10-2015,"2,071.20"
27-10-2015,"2,065.90"
28-10-2015,"2,090.30"
29-10-2015,"2,089.40"
30-10-2015,"2,079.40"
02-11-2015,"2,104.10"
03-11-2015,"2,109.80"
04-11-2015,"2,102.30"
05-11-2015,"2,099.90"
06-11-2015,"2,099.20"
09-11-2015,"2,078.60"
10-11-2015,"2,081.70"
11-11-2015,"2,075.00"
12-11-2015,"2,046.00"
13-11-2015,"2,023.00"
16-11-2015,"2,053.20"
17-11-2015,"2,050.40"
18-11-2015,"2,083.60"
19-11-2015,"2,081.20"
20-11-2015,"2,089.20"
23-11-2015,"2,086.60"
24-11-2015,"2,089.10"
25-11-2015,"2,088.90"
27-11-2015,"2,090.10"
30-11-2015,"2,080.40"
01-12-2015,"2,102.60"
02-12-2015,"2,079.50"
03-12-2015,"2,049.60"
04-12-2015,"2,091.70"
07-12-2015,"2,077.10"
08-12-2015,"2,063.60"
09-12-2015,"2,047.60"
10-12-2015,"2,052.20"
11-12-2015,"2,012.40"
14-12-2015,"2,021.90"
15-12-2015,"2,043.40"
16-12-2015,"2,073.10"
17-12-2015,"2,041.90"
18-12-2015,"2,005.50"
21-12-2015,"2,021.20"
22-12-2015,"2,039.00"
23-12-2015,"2,064.30"
24-12-2015,"2,061.00"
28-12-2015,"2,056.50"
29-12-2015,"2,078.40"
30-12-2015,"2,063.40"
31-12-2015,"2,043.90"
04-01-2016,"2,012.70"
05-01-2016,"2,016.70"
06-01-2016,"1,990.30"
07-01-2016,"1,943.10"
08-01-2016,"1,922.00"
11-01-2016,"1,923.70"
12-01-2016,"1,938.70"
13-01-2016,"1,890.30"
14-01-2016,"1,921.80"
15-01-2016,"1,880.30"
19-01-2016,"1,881.30"
20-01-2016,"1,859.30"
21-01-2016,"1,869.00"
22-01-2016,"1,906.90"
25-01-2016,"1,877.10"
26-01-2016,"1,903.60"
27-01-2016,"1,883.00"
28-01-2016,"1,893.40"
29-01-2016,"1,940.20"
01-02-2016,"1,939.40"
02-02-2016,"1,903.00"
03-02-2016,"1,912.50"
04-02-2016,"1,915.50"
05-02-2016,"1,880.00"
08-02-2016,"1,853.40"
09-02-2016,"1,852.20"
10-02-2016,"1,851.90"
11-02-2016,"1,829.10"
12-02-2016,"1,864.80"
16-02-2016,"1,895.60"
17-02-2016,"1,926.80"
18-02-2016,"1,917.80"
19-02-2016,"1,917.80"
22-02-2016,"1,945.50"
23-02-2016,"1,921.30"
24-02-2016,"1,929.80"
25-02-2016,"1,951.70"
26-02-2016,"1,948.00"
29-02-2016,"1,932.20"
01-03-2016,"1,978.30"
02-03-2016,"1,986.50"
03-03-2016,"1,993.40"
04-03-2016,"2,000.00"
07-03-2016,"2,001.80"
08-03-2016,"1,979.30"
09-03-2016,"1,989.30"
10-03-2016,"1,989.60"
11-03-2016,"2,022.20"
14-03-2016,"2,019.60"
15-03-2016,"2,015.90"
16-03-2016,"2,027.20"
17-03-2016,"2,040.60"
18-03-2016,"2,049.60"
21-03-2016,"2,051.60"
22-03-2016,"2,049.80"
23-03-2016,"2,036.70"
24-03-2016,"2,035.90"
28-03-2016,"2,037.00"
29-03-2016,"2,055.00"
30-03-2016,"2,063.90"
31-03-2016,"2,059.70"
01-04-2016,"2,072.80"
04-04-2016,"2,066.10"
05-04-2016,"2,045.20"
06-04-2016,"2,066.70"
07-04-2016,"2,041.90"
08-04-2016,"2,047.60"
11-04-2016,"2,042.00"
12-04-2016,"2,061.70"
13-04-2016,"2,082.40"
14-04-2016,"2,082.80"
15-04-2016,"2,080.70"
18-04-2016,"2,094.30"
19-04-2016,"2,100.80"
20-04-2016,"2,102.40"
21-04-2016,"2,091.50"
22-04-2016,"2,091.60"
25-04-2016,"2,087.80"
26-04-2016,"2,091.70"
27-04-2016,"2,095.20"
28-04-2016,"2,075.80"
29-04-2016,"2,065.30"
02-05-2016,"2,081.40"
03-05-2016,"2,063.40"
04-05-2016,"2,051.10"
05-05-2016,"2,050.60"
06-05-2016,"2,057.10"
09-05-2016,"2,058.70"
10-05-2016,"2,084.40"
11-05-2016,"2,064.50"
12-05-2016,"2,064.10"
13-05-2016,"2,046.60"
16-05-2016,"2,066.70"
17-05-2016,"2,047.20"
18-05-2016,"2,047.60"
19-05-2016,"2,040.00"
20-05-2016,"2,052.30"
23-05-2016,"2,048.00"
24-05-2016,"2,076.10"
25-05-2016,"2,090.50"
26-05-2016,"2,090.10"
27-05-2016,"2,099.10"
31-05-2016,"2,097.00"
01-06-2016,"2,099.30"
02-06-2016,"2,105.30"
03-06-2016,"2,099.10"
06-06-2016,"2,109.40"
07-06-2016,"2,112.10"
08-06-2016,"2,119.10"
09-06-2016,"2,115.50"
10-06-2016,"2,096.10"
13-06-2016,"2,079.10"
14-06-2016,"2,075.30"
15-06-2016,"2,071.50"
16-06-2016,"2,078.00"
17-06-2016,"2,071.20"
20-06-2016,"2,083.20"
21-06-2016,"2,088.90"
22-06-2016,"2,085.40"
23-06-2016,"2,113.30"
24-06-2016,"2,037.40"
27-06-2016,"2,000.50"
28-06-2016,"2,036.10"
29-06-2016,"2,070.80"
30-06-2016,"2,098.90"
01-07-2016,"2,102.90"
05-07-2016,"2,088.60"
06-07-2016,"2,099.70"
07-07-2016,"2,097.90"
08-07-2016,"2,129.90"
11-07-2016,"2,137.20"
12-07-2016,"2,152.10"
13-07-2016,"2,152.40"
14-07-2016,"2,163.80"
15-07-2016,"2,161.70"
18-07-2016,"2,166.90"
19-07-2016,"2,163.80"
20-07-2016,"2,173.00"
21-07-2016,"2,165.20"
22-07-2016,"2,175.00"
25-07-2016,"2,168.50"
26-07-2016,"2,169.20"
27-07-2016,"2,166.60"
28-07-2016,"2,170.10"
29-07-2016,"2,173.60"
01-08-2016,"2,170.80"
02-08-2016,"2,157.00"
03-08-2016,"2,163.80"
04-08-2016,"2,164.20"
05-08-2016,"2,182.90"
08-08-2016,"2,180.90"
09-08-2016,"2,181.70"
10-08-2016,"2,175.50"
11-08-2016,"2,185.80"
12-08-2016,"2,184.10"
15-08-2016,"2,190.20"
16-08-2016,"2,178.20"
17-08-2016,"2,182.20"
18-08-2016,"2,187.00"
19-08-2016,"2,183.90"
22-08-2016,"2,182.60"
23-08-2016,"2,186.90"
24-08-2016,"2,175.40"
25-08-2016,"2,172.50"
26-08-2016,"2,169.00"
29-08-2016,"2,180.40"
30-08-2016,"2,176.10"
31-08-2016,"2,170.90"
01-09-2016,"2,170.90"
02-09-2016,"2,180.00"
06-09-2016,"2,186.50"
07-09-2016,"2,186.20"
08-09-2016,"2,181.30"
09-09-2016,"2,127.80"
12-09-2016,"2,159.00"
13-09-2016,"2,127.00"
14-09-2016,"2,125.80"
15-09-2016,"2,147.30"
16-09-2016,"2,139.20"
19-09-2016,"2,139.10"
20-09-2016,"2,139.80"
21-09-2016,"2,163.10"
22-09-2016,"2,177.20"
23-09-2016,"2,164.70"
26-09-2016,"2,146.10"
27-09-2016,"2,159.90"
28-09-2016,"2,171.40"
29-09-2016,"2,151.10"
30-09-2016,"2,168.30"
03-10-2016,"2,161.20"
04-10-2016,"2,150.50"
05-10-2016,"2,159.70"
06-10-2016,"2,160.80"
07-10-2016,"2,153.70"
10-10-2016,"2,163.70"
11-10-2016,"2,136.70"
12-10-2016,"2,139.20"
13-10-2016,"2,132.60"
14-10-2016,"2,133.00"
17-10-2016,"2,126.50"
18-10-2016,"2,139.60"
19-10-2016,"2,144.30"
20-10-2016,"2,141.30"
21-10-2016,"2,141.20"
24-10-2016,"2,151.30"
25-10-2016,"2,143.20"
26-10-2016,"2,139.40"
27-10-2016,"2,133.00"
28-10-2016,"2,126.40"
31-10-2016,"2,126.20"
01-11-2016,"2,111.70"
02-11-2016,"2,097.90"
03-11-2016,"2,088.70"
04-11-2016,"2,085.20"
07-11-2016,"2,131.50"
08-11-2016,"2,139.60"
09-11-2016,"2,163.30"
10-11-2016,"2,167.50"
11-11-2016,"2,164.40"
14-11-2016,"2,164.20"
15-11-2016,"2,180.40"
16-11-2016,"2,176.90"
17-11-2016,"2,187.10"
18-11-2016,"2,181.90"
21-11-2016,"2,198.20"
22-11-2016,"2,202.90"
23-11-2016,"2,204.70"
25-11-2016,"2,213.30"
28-11-2016,"2,201.70"
29-11-2016,"2,204.70"
30-11-2016,"2,198.80"
01-12-2016,"2,191.10"
02-12-2016,"2,191.90"
05-12-2016,"2,204.70"
06-12-2016,"2,212.20"
07-12-2016,"2,241.30"
08-12-2016,"2,246.20"
09-12-2016,"2,259.50"
12-12-2016,"2,257.00"
13-12-2016,"2,271.70"
14-12-2016,"2,253.30"
15-12-2016,"2,262.00"
16-12-2016,"2,258.10"
19-12-2016,"2,262.50"
20-12-2016,"2,270.80"
21-12-2016,"2,265.20"
22-12-2016,"2,261.00"
23-12-2016,"2,263.80"
27-12-2016,"2,268.90"
28-12-2016,"2,249.90"
29-12-2016,"2,249.30"
30-12-2016,"2,238.80"
03-01-2017,"2,257.80"
04-01-2017,"2,270.80"
05-01-2017,"2,269.00"
06-01-2017,"2,277.00"
09-01-2017,"2,268.90"
10-01-2017,"2,268.90"
11-01-2017,"2,275.30"
12-01-2017,"2,270.40"
13-01-2017,"2,274.60"
17-01-2017,"2,267.90"
18-01-2017,"2,271.90"
19-01-2017,"2,263.70"
20-01-2017,"2,271.30"
23-01-2017,"2,265.20"
24-01-2017,"2,280.10"
25-01-2017,"2,298.40"
26-01-2017,"2,296.70"
27-01-2017,"2,294.70"
30-01-2017,"2,280.90"
31-01-2017,"2,278.90"
01-02-2017,"2,279.60"
02-02-2017,"2,280.80"
03-02-2017,"2,297.40"
06-02-2017,"2,292.60"
07-02-2017,"2,293.10"
08-02-2017,"2,294.70"
09-02-2017,"2,307.90"
10-02-2017,"2,316.10"
13-02-2017,"2,328.20"
14-02-2017,"2,337.60"
15-02-2017,"2,349.20"
16-02-2017,"2,347.20"
17-02-2017,"2,351.20"
21-02-2017,"2,365.40"
22-02-2017,"2,362.80"
23-02-2017,"2,363.80"
24-02-2017,"2,367.30"
27-02-2017,"2,369.80"
28-02-2017,"2,363.60"
01-03-2017,"2,396.00"
02-03-2017,"2,381.90"
03-03-2017,"2,383.10"
06-03-2017,"2,375.30"
07-03-2017,"2,368.40"
08-03-2017,"2,363.00"
09-03-2017,"2,364.90"
10-03-2017,"2,372.60"
13-03-2017,"2,373.50"
14-03-2017,"2,365.40"
15-03-2017,"2,385.30"
16-03-2017,"2,381.40"
17-03-2017,"2,378.20"
20-03-2017,"2,373.50"
21-03-2017,"2,344.00"
22-03-2017,"2,348.40"
23-03-2017,"2,346.00"
24-03-2017,"2,344.00"
27-03-2017,"2,341.60"
28-03-2017,"2,358.60"
29-03-2017,"2,361.10"
30-03-2017,"2,368.10"
31-03-2017,"2,362.70"
03-04-2017,"2,358.80"
04-04-2017,"2,360.20"
05-04-2017,"2,352.90"
06-04-2017,"2,357.50"
07-04-2017,"2,355.50"
10-04-2017,"2,357.20"
11-04-2017,"2,353.80"
12-04-2017,"2,344.90"
13-04-2017,"2,328.90"
17-04-2017,"2,349.00"
18-04-2017,"2,342.20"
19-04-2017,"2,338.20"
20-04-2017,"2,355.80"
21-04-2017,"2,348.70"
24-04-2017,"2,374.20"
25-04-2017,"2,388.60"
26-04-2017,"2,387.40"
27-04-2017,"2,388.80"
28-04-2017,"2,384.20"
01-05-2017,"2,388.30"
02-05-2017,"2,391.20"
03-05-2017,"2,388.10"
04-05-2017,"2,389.50"
05-05-2017,"2,399.30"
08-05-2017,"2,399.40"
09-05-2017,"2,396.90"
10-05-2017,"2,399.60"
11-05-2017,"2,394.40"
12-05-2017,"2,390.90"
15-05-2017,"2,402.30"
16-05-2017,"2,400.70"
17-05-2017,"2,357.00"
18-05-2017,"2,365.70"
19-05-2017,"2,381.70"
22-05-2017,"2,394.00"
23-05-2017,"2,398.40"
24-05-2017,"2,404.40"
25-05-2017,"2,415.10"
26-05-2017,"2,415.80"
30-05-2017,"2,412.90"
31-05-2017,"2,411.80"
01-06-2017,"2,430.10"
02-06-2017,"2,439.10"
05-06-2017,"2,436.10"
06-06-2017,"2,429.30"
07-06-2017,"2,433.10"
08-06-2017,"2,433.80"
09-06-2017,"2,431.80"
12-06-2017,"2,429.40"
13-06-2017,"2,440.30"
14-06-2017,"2,437.90"
15-06-2017,"2,432.50"
16-06-2017,"2,433.20"
19-06-2017,"2,453.50"
20-06-2017,"2,437.00"
21-06-2017,"2,435.60"
22-06-2017,"2,434.50"
23-06-2017,"2,438.30"
26-06-2017,"2,439.10"
27-06-2017,"2,419.40"
28-06-2017,"2,440.70"
29-06-2017,"2,419.70"
30-06-2017,"2,423.40"
03-07-2017,"2,429.00"
05-07-2017,"2,432.50"
06-07-2017,"2,409.80"
07-07-2017,"2,425.20"
10-07-2017,"2,427.40"
11-07-2017,"2,425.50"
12-07-2017,"2,443.20"
13-07-2017,"2,447.80"
14-07-2017,"2,459.30"
17-07-2017,"2,459.10"
18-07-2017,"2,460.60"
19-07-2017,"2,473.80"
20-07-2017,"2,473.40"
21-07-2017,"2,472.50"
24-07-2017,"2,469.90"
25-07-2017,"2,477.10"
26-07-2017,"2,477.80"
27-07-2017,"2,475.40"
28-07-2017,"2,472.10"
31-07-2017,"2,470.30"
01-08-2017,"2,476.30"
02-08-2017,"2,477.60"
03-08-2017,"2,472.20"
04-08-2017,"2,476.80"
07-08-2017,"2,480.90"
08-08-2017,"2,474.90"
09-08-2017,"2,474.00"
10-08-2017,"2,438.20"
11-08-2017,"2,441.30"
14-08-2017,"2,465.80"
15-08-2017,"2,464.60"
16-08-2017,"2,468.10"
17-08-2017,"2,430.00"
18-08-2017,"2,425.60"
21-08-2017,"2,428.40"
22-08-2017,"2,452.50"
23-08-2017,"2,444.00"
24-08-2017,"2,439.00"
25-08-2017,"2,443.10"
28-08-2017,"2,444.20"
29-08-2017,"2,446.30"
30-08-2017,"2,457.60"
31-08-2017,"2,471.70"
01-09-2017,"2,476.60"
05-09-2017,"2,457.80"
06-09-2017,"2,465.50"
07-09-2017,"2,465.10"
08-09-2017,"2,461.40"
11-09-2017,"2,488.10"
12-09-2017,"2,496.50"
13-09-2017,"2,498.40"
14-09-2017,"2,495.60"
15-09-2017,"2,500.20"
18-09-2017,"2,503.90"
19-09-2017,"2,506.70"
20-09-2017,"2,508.20"
21-09-2017,"2,500.60"
22-09-2017,"2,502.20"
25-09-2017,"2,496.70"
26-09-2017,"2,496.80"
27-09-2017,"2,507.00"
28-09-2017,"2,510.10"
29-09-2017,"2,519.40"
02-10-2017,"2,529.10"
03-10-2017,"2,534.60"
04-10-2017,"2,537.70"
05-10-2017,"2,552.10"
06-10-2017,"2,549.30"
09-10-2017,"2,544.70"
10-10-2017,"2,550.60"
11-10-2017,"2,555.20"
12-10-2017,"2,550.90"
13-10-2017,"2,553.20"
16-10-2017,"2,557.60"
17-10-2017,"2,559.40"
18-10-2017,"2,561.30"
19-10-2017,"2,562.10"
20-10-2017,"2,575.20"
23-10-2017,"2,565.00"
24-10-2017,"2,569.10"
25-10-2017,"2,557.20"
26-10-2017,"2,560.40"
27-10-2017,"2,581.10"
30-10-2017,"2,572.80"
31-10-2017,"2,575.30"
01-11-2017,"2,579.40"
02-11-2017,"2,579.80"
03-11-2017,"2,587.80"
06-11-2017,"2,591.10"
07-11-2017,"2,590.60"
08-11-2017,"2,594.40"
09-11-2017,"2,584.60"
10-11-2017,"2,582.30"
13-11-2017,"2,584.80"
14-11-2017,"2,578.90"
15-11-2017,"2,564.60"
16-11-2017,"2,585.60"
17-11-2017,"2,578.80"
20-11-2017,"2,582.10"
21-11-2017,"2,599.00"
22-11-2017,"2,597.10"
24-11-2017,"2,602.40"
27-11-2017,"2,601.40"
28-11-2017,"2,627.00"
29-11-2017,"2,626.10"
30-11-2017,"2,647.60"
01-12-2017,"2,642.20"
04-12-2017,"2,639.40"
05-12-2017,"2,629.60"
06-12-2017,"2,629.30"
07-12-2017,"2,637.00"
08-12-2017,"2,651.50"
11-12-2017,"2,660.00"
12-12-2017,"2,664.10"
13-12-2017,"2,662.80"
14-12-2017,"2,652.00"
15-12-2017,"2,675.80"
18-12-2017,"2,690.20"
19-12-2017,"2,681.50"
20-12-2017,"2,679.20"
21-12-2017,"2,684.60"
22-12-2017,"2,683.30"
26-12-2017,"2,680.50"
27-12-2017,"2,682.60"
28-12-2017,"2,687.50"
29-12-2017,"2,673.60"
02-01-2018,"2,695.80"
03-01-2018,"2,713.10"
04-01-2018,"2,724.00"
05-01-2018,"2,743.20"
08-01-2018,"2,747.70"
09-01-2018,"2,751.30"
10-01-2018,"2,748.20"
11-01-2018,"2,767.60"
12-01-2018,"2,786.20"
16-01-2018,"2,776.40"
17-01-2018,"2,802.60"
18-01-2018,"2,798.00"
19-01-2018,"2,810.30"
22-01-2018,"2,833.00"
23-01-2018,"2,839.10"
24-01-2018,"2,837.50"
25-01-2018,"2,839.20"
26-01-2018,"2,872.90"
29-01-2018,"2,853.50"
30-01-2018,"2,822.40"
31-01-2018,"2,823.80"
01-02-2018,"2,822.00"
02-02-2018,"2,762.10"
05-02-2018,"2,648.90"
06-02-2018,"2,695.10"
07-02-2018,"2,681.70"
08-02-2018,"2,581.00"
09-02-2018,"2,619.60"
12-02-2018,"2,656.00"
13-02-2018,"2,662.90"
14-02-2018,"2,698.60"
15-02-2018,"2,731.20"
16-02-2018,"2,732.20"
20-02-2018,"2,716.30"
21-02-2018,"2,701.30"
22-02-2018,"2,704.00"
23-02-2018,"2,747.30"
26-02-2018,"2,779.60"
27-02-2018,"2,744.30"
28-02-2018,"2,713.80"
01-03-2018,"2,677.70"
02-03-2018,"2,691.20"
05-03-2018,"2,720.90"
06-03-2018,"2,728.10"
07-03-2018,"2,726.80"
08-03-2018,"2,739.00"
09-03-2018,"2,786.60"
12-03-2018,"2,783.00"
13-03-2018,"2,765.30"
14-03-2018,"2,749.50"
15-03-2018,"2,747.30"
16-03-2018,"2,752.00"
19-03-2018,"2,712.90"
20-03-2018,"2,716.90"
21-03-2018,"2,711.90"
22-03-2018,"2,643.70"
23-03-2018,"2,588.30"
26-03-2018,"2,658.60"
27-03-2018,"2,612.60"
28-03-2018,"2,605.00"
29-03-2018,"2,640.90"
02-04-2018,"2,581.90"
03-04-2018,"2,614.40"
04-04-2018,"2,644.70"
05-04-2018,"2,662.80"
06-04-2018,"2,604.50"
09-04-2018,"2,613.20"
10-04-2018,"2,656.90"
11-04-2018,"2,642.20"
12-04-2018,"2,664.00"
13-04-2018,"2,656.30"
16-04-2018,"2,677.80"
17-04-2018,"2,706.40"
18-04-2018,"2,708.60"
19-04-2018,"2,693.10"
20-04-2018,"2,670.10"
23-04-2018,"2,670.30"
24-04-2018,"2,634.60"
25-04-2018,"2,639.40"
26-04-2018,"2,666.90"
27-04-2018,"2,669.90"
30-04-2018,"2,648.10"
01-05-2018,"2,654.80"
02-05-2018,"2,635.70"
03-05-2018,"2,629.70"
04-05-2018,"2,663.40"
07-05-2018,"2,672.60"
08-05-2018,"2,671.90"
09-05-2018,"2,697.80"
10-05-2018,"2,723.10"
11-05-2018,"2,727.70"
14-05-2018,"2,730.10"
15-05-2018,"2,711.40"
16-05-2018,"2,722.50"
17-05-2018,"2,720.10"
18-05-2018,"2,713.00"
21-05-2018,"2,733.00"
22-05-2018,"2,724.40"
23-05-2018,"2,733.30"
24-05-2018,"2,727.80"
25-05-2018,"2,721.30"
29-05-2018,"2,689.90"
30-05-2018,"2,724.00"
31-05-2018,"2,705.30"
01-06-2018,"2,734.60"
04-06-2018,"2,746.90"
05-06-2018,"2,748.80"
06-06-2018,"2,772.30"
07-06-2018,"2,770.40"
08-06-2018,"2,779.00"
11-06-2018,"2,782.00"
12-06-2018,"2,786.80"
13-06-2018,"2,775.60"
14-06-2018,"2,782.50"
15-06-2018,"2,779.70"
18-06-2018,"2,773.80"
19-06-2018,"2,762.60"
20-06-2018,"2,767.30"
21-06-2018,"2,749.80"
22-06-2018,"2,754.90"
25-06-2018,"2,717.10"
26-06-2018,"2,723.10"
27-06-2018,"2,699.60"
28-06-2018,"2,716.30"
29-06-2018,"2,718.40"
02-07-2018,"2,726.70"
03-07-2018,"2,713.20"
05-07-2018,"2,736.60"
06-07-2018,"2,759.80"
09-07-2018,"2,784.20"
10-07-2018,"2,793.80"
11-07-2018,"2,774.00"
12-07-2018,"2,798.30"
13-07-2018,"2,801.30"
16-07-2018,"2,798.40"
17-07-2018,"2,809.60"
18-07-2018,"2,815.60"
19-07-2018,"2,804.50"
20-07-2018,"2,801.80"
23-07-2018,"2,807.00"
24-07-2018,"2,820.40"
25-07-2018,"2,846.10"
26-07-2018,"2,837.40"
27-07-2018,"2,818.80"
30-07-2018,"2,802.60"
31-07-2018,"2,816.30"
01-08-2018,"2,813.40"
02-08-2018,"2,827.20"
03-08-2018,"2,840.30"
06-08-2018,"2,850.40"
07-08-2018,"2,858.40"
08-08-2018,"2,857.70"
09-08-2018,"2,853.60"
10-08-2018,"2,833.30"
13-08-2018,"2,821.90"
14-08-2018,"2,840.00"
15-08-2018,"2,818.40"
16-08-2018,"2,840.70"
17-08-2018,"2,850.10"
20-08-2018,"2,857.10"
21-08-2018,"2,863.00"
22-08-2018,"2,861.80"
23-08-2018,"2,857.00"
24-08-2018,"2,874.70"
27-08-2018,"2,896.70"
28-08-2018,"2,897.50"
29-08-2018,"2,914.00"
30-08-2018,"2,901.10"
31-08-2018,"2,901.50"
04-09-2018,"2,896.70"
05-09-2018,"2,888.60"
06-09-2018,"2,878.10"
07-09-2018,"2,871.70"
10-09-2018,"2,877.10"
11-09-2018,"2,887.90"
12-09-2018,"2,888.90"
13-09-2018,"2,904.20"
14-09-2018,"2,905.00"
17-09-2018,"2,888.80"
18-09-2018,"2,904.30"
19-09-2018,"2,907.90"
20-09-2018,"2,930.80"
21-09-2018,"2,929.70"
24-09-2018,"2,919.40"
25-09-2018,"2,915.60"
26-09-2018,"2,906.00"
27-09-2018,"2,914.00"
28-09-2018,"2,914.00"
01-10-2018,"2,924.60"
02-10-2018,"2,923.40"
03-10-2018,"2,925.50"
04-10-2018,"2,901.60"
05-10-2018,"2,885.60"
08-10-2018,"2,884.40"
09-10-2018,"2,880.30"
10-10-2018,"2,785.70"
11-10-2018,"2,728.40"
12-10-2018,"2,767.10"
15-10-2018,"2,750.80"
16-10-2018,"2,809.90"
17-10-2018,"2,809.20"
18-10-2018,"2,768.80"
19-10-2018,"2,767.80"
22-10-2018,"2,755.90"
23-10-2018,"2,740.70"
24-10-2018,"2,656.10"
25-10-2018,"2,705.60"
26-10-2018,"2,658.70"
29-10-2018,"2,641.20"
30-10-2018,"2,682.60"
31-10-2018,"2,711.70"
01-11-2018,"2,740.40"
02-11-2018,"2,723.10"
05-11-2018,"2,738.30"
06-11-2018,"2,755.40"
07-11-2018,"2,813.90"
08-11-2018,"2,806.80"
09-11-2018,"2,781.00"
12-11-2018,"2,726.20"
13-11-2018,"2,722.20"
14-11-2018,"2,701.60"
15-11-2018,"2,730.20"
16-11-2018,"2,736.30"
19-11-2018,"2,690.70"
20-11-2018,"2,641.90"
21-11-2018,"2,649.90"
23-11-2018,"2,632.60"
26-11-2018,"2,673.40"
27-11-2018,"2,682.20"
28-11-2018,"2,743.80"
29-11-2018,"2,737.80"
30-11-2018,"2,760.20"
03-12-2018,"2,790.40"
04-12-2018,"2,700.10"
06-12-2018,"2,695.90"
07-12-2018,"2,633.10"
10-12-2018,"2,637.70"
11-12-2018,"2,636.80"
12-12-2018,"2,651.10"
13-12-2018,"2,650.50"
14-12-2018,"2,599.90"
17-12-2018,"2,545.90"
18-12-2018,"2,546.20"
19-12-2018,"2,507.00"
20-12-2018,"2,467.40"
21-12-2018,"2,416.60"
24-12-2018,"2,351.10"
26-12-2018,"2,467.70"
27-12-2018,"2,488.80"
28-12-2018,"2,485.70"
31-12-2018,"2,506.80"
02-01-2019,"2,510.00"
03-01-2019,"2,447.90"
04-01-2019,"2,531.90"
07-01-2019,"2,549.70"
08-01-2019,"2,574.40"
09-01-2019,"2,585.00"
10-01-2019,"2,596.60"
11-01-2019,"2,596.30"
14-01-2019,"2,582.60"
15-01-2019,"2,610.30"
16-01-2019,"2,616.10"
17-01-2019,"2,636.00"
18-01-2019,"2,670.70"
22-01-2019,"2,632.90"
23-01-2019,"2,638.70"
24-01-2019,"2,642.30"
25-01-2019,"2,664.80"
28-01-2019,"2,643.80"
29-01-2019,"2,640.00"
30-01-2019,"2,681.10"
31-01-2019,"2,704.10"
01-02-2019,"2,706.50"
04-02-2019,"2,724.90"
05-02-2019,"2,737.70"
06-02-2019,"2,731.60"
07-02-2019,"2,706.10"
08-02-2019,"2,707.90"
11-02-2019,"2,709.80"
12-02-2019,"2,744.70"
13-02-2019,"2,753.00"
14-02-2019,"2,745.70"
15-02-2019,"2,775.60"
19-02-2019,"2,779.80"
20-02-2019,"2,784.70"
21-02-2019,"2,774.90"
22-02-2019,"2,792.70"
25-02-2019,"2,796.10"
26-02-2019,"2,793.90"
27-02-2019,"2,792.40"
28-02-2019,"2,784.50"
01-03-2019,"2,803.70"
04-03-2019,"2,792.80"
05-03-2019,"2,789.70"
06-03-2019,"2,771.40"
07-03-2019,"2,748.90"
08-03-2019,"2,743.10"
11-03-2019,"2,783.30"
12-03-2019,"2,791.50"
13-03-2019,"2,810.90"
14-03-2019,"2,808.50"
15-03-2019,"2,822.50"
18-03-2019,"2,832.90"
19-03-2019,"2,832.60"
20-03-2019,"2,824.20"
21-03-2019,"2,854.90"
22-03-2019,"2,800.70"
25-03-2019,"2,798.40"
26-03-2019,"2,818.50"
27-03-2019,"2,805.40"
28-03-2019,"2,815.40"
29-03-2019,"2,834.40"
01-04-2019,"2,867.20"
02-04-2019,"2,867.20"
03-04-2019,"2,873.40"
04-04-2019,"2,879.40"
05-04-2019,"2,892.70"
08-04-2019,"2,895.80"
09-04-2019,"2,878.20"
10-04-2019,"2,888.20"
11-04-2019,"2,888.30"
12-04-2019,"2,907.40"
15-04-2019,"2,905.60"
16-04-2019,"2,907.10"
17-04-2019,"2,900.40"
18-04-2019,"2,905.00"
22-04-2019,"2,908.00"
23-04-2019,"2,933.70"
24-04-2019,"2,927.20"
25-04-2019,"2,926.20"
26-04-2019,"2,939.90"
29-04-2019,"2,943.00"
30-04-2019,"2,945.80"
01-05-2019,"2,923.70"
02-05-2019,"2,917.50"
03-05-2019,"2,945.60"
06-05-2019,"2,932.50"
07-05-2019,"2,884.10"
08-05-2019,"2,879.40"
09-05-2019,"2,870.70"
10-05-2019,"2,881.40"
13-05-2019,"2,811.90"
14-05-2019,"2,834.40"
15-05-2019,"2,851.00"
16-05-2019,"2,876.30"
17-05-2019,"2,859.50"
20-05-2019,"2,840.20"
21-05-2019,"2,864.40"
22-05-2019,"2,856.30"
23-05-2019,"2,822.20"
24-05-2019,"2,826.10"
28-05-2019,"2,802.40"
29-05-2019,"2,783.00"
30-05-2019,"2,788.90"
31-05-2019,"2,752.10"
03-06-2019,"2,744.40"
04-06-2019,"2,803.30"
05-06-2019,"2,826.20"
06-06-2019,"2,843.50"
07-06-2019,"2,873.30"
10-06-2019,"2,886.70"
11-06-2019,"2,885.70"
12-06-2019,"2,879.80"
13-06-2019,"2,891.60"
14-06-2019,"2,887.00"
17-06-2019,"2,889.70"
18-06-2019,"2,917.80"
19-06-2019,"2,926.50"
20-06-2019,"2,954.20"
21-06-2019,"2,950.50"
24-06-2019,"2,945.30"
25-06-2019,"2,917.40"
26-06-2019,"2,913.80"
27-06-2019,"2,924.90"
28-06-2019,"2,941.80"
01-07-2019,"2,964.30"
02-07-2019,"2,973.00"
03-07-2019,"2,995.80"
05-07-2019,"2,990.40"
08-07-2019,"2,975.90"
09-07-2019,"2,979.60"
10-07-2019,"2,993.10"
11-07-2019,"2,999.90"
12-07-2019,"3,013.80"
15-07-2019,"3,014.30"
16-07-2019,"3,004.00"
17-07-2019,"2,984.40"
18-07-2019,"2,995.10"
19-07-2019,"2,976.60"
22-07-2019,"2,985.00"
23-07-2019,"3,005.50"
24-07-2019,"3,019.60"
25-07-2019,"3,003.70"
26-07-2019,"3,025.90"
29-07-2019,"3,021.00"
30-07-2019,"3,013.20"
31-07-2019,"2,980.40"
01-08-2019,"2,953.60"
02-08-2019,"2,932.10"
05-08-2019,"2,844.70"
06-08-2019,"2,881.80"
07-08-2019,"2,884.00"
08-08-2019,"2,938.10"
09-08-2019,"2,918.70"
12-08-2019,"2,883.80"
13-08-2019,"2,926.30"
14-08-2019,"2,840.60"
15-08-2019,"2,847.60"
16-08-2019,"2,888.70"
19-08-2019,"2,923.70"
20-08-2019,"2,900.50"
21-08-2019,"2,924.40"
22-08-2019,"2,922.90"
23-08-2019,"2,847.10"
26-08-2019,"2,878.40"
27-08-2019,"2,869.20"
28-08-2019,"2,887.90"
29-08-2019,"2,924.60"
30-08-2019,"2,926.50"
03-09-2019,"2,906.30"
04-09-2019,"2,937.80"
05-09-2019,"2,976.00"
06-09-2019,"2,978.70"
09-09-2019,"2,978.40"
10-09-2019,"2,979.40"
11-09-2019,"3,000.90"
12-09-2019,"3,009.60"
13-09-2019,"3,007.40"
16-09-2019,"2,998.00"
17-09-2019,"3,005.70"
18-09-2019,"3,006.70"
19-09-2019,"3,006.80"
20-09-2019,"2,992.10"
23-09-2019,"2,991.80"
24-09-2019,"2,966.60"
25-09-2019,"2,984.90"
26-09-2019,"2,977.60"
27-09-2019,"2,961.80"
30-09-2019,"2,976.70"
01-10-2019,"2,940.20"
02-10-2019,"2,887.60"
03-10-2019,"2,910.60"
04-10-2019,"2,952.00"
07-10-2019,"2,938.80"
08-10-2019,"2,893.10"
09-10-2019,"2,919.40"
10-10-2019,"2,938.10"
11-10-2019,"2,970.30"
14-10-2019,"2,966.20"
15-10-2019,"2,995.70"
16-10-2019,"2,989.70"
17-10-2019,"2,997.90"
18-10-2019,"2,986.20"
21-10-2019,"3,006.70"
22-10-2019,"2,996.00"
23-10-2019,"3,004.50"
24-10-2019,"3,010.30"
25-10-2019,"3,022.60"
28-10-2019,"3,039.40"
29-10-2019,"3,036.90"
30-10-2019,"3,046.80"
31-10-2019,"3,037.60"
01-11-2019,"3,066.90"
04-11-2019,"3,078.30"
05-11-2019,"3,074.60"
06-11-2019,"3,076.80"
07-11-2019,"3,085.20"
08-11-2019,"3,093.10"
11-11-2019,"3,087.00"
12-11-2019,"3,091.80"
13-11-2019,"3,094.00"
14-11-2019,"3,096.60"
15-11-2019,"3,120.50"
18-11-2019,"3,122.00"
19-11-2019,"3,120.20"
20-11-2019,"3,108.50"
21-11-2019,"3,103.50"
22-11-2019,"3,110.30"
25-11-2019,"3,133.60"
26-11-2019,"3,140.50"
27-11-2019,"3,153.60"
29-11-2019,"3,141.00"
02-12-2019,"3,113.90"
03-12-2019,"3,093.20"
04-12-2019,"3,112.80"
05-12-2019,"3,117.40"
06-12-2019,"3,145.90"
09-12-2019,"3,136.00"
10-12-2019,"3,132.50"
11-12-2019,"3,141.60"
12-12-2019,"3,168.60"
13-12-2019,"3,168.80"
16-12-2019,"3,191.40"
17-12-2019,"3,192.50"
18-12-2019,"3,191.10"
19-12-2019,"3,205.40"
20-12-2019,"3,221.20"
23-12-2019,"3,224.00"
24-12-2019,"3,223.40"
26-12-2019,"3,239.90"
27-12-2019,"3,240.00"
30-12-2019,"3,221.30"
31-12-2019,"3,230.80"
02-01-2020,"3,257.80"
03-01-2020,"3,234.80"
06-01-2020,"3,246.30"
07-01-2020,"3,237.20"
08-01-2020,"3,253.10"
09-01-2020,"3,274.70"
10-01-2020,"3,265.30"
13-01-2020,"3,288.10"
14-01-2020,"3,283.20"
15-01-2020,"3,289.30"
16-01-2020,"3,316.80"
17-01-2020,"3,329.60"
21-01-2020,"3,320.80"
22-01-2020,"3,321.80"
23-01-2020,"3,325.50"
24-01-2020,"3,295.50"
27-01-2020,"3,243.60"
28-01-2020,"3,276.20"
29-01-2020,"3,273.40"
30-01-2020,"3,283.70"
31-01-2020,"3,225.50"
03-02-2020,"3,248.90"
04-02-2020,"3,297.60"
05-02-2020,"3,334.70"
06-02-2020,"3,345.80"
07-02-2020,"3,327.70"
10-02-2020,"3,352.10"
11-02-2020,"3,357.80"
12-02-2020,"3,379.40"
13-02-2020,"3,373.90"
14-02-2020,"3,380.20"
18-02-2020,"3,370.30"
19-02-2020,"3,386.20"
20-02-2020,"3,373.20"
21-02-2020,"3,337.80"
24-02-2020,"3,225.90"
25-02-2020,"3,128.20"
26-02-2020,"3,116.40"
27-02-2020,"2,978.80"
28-02-2020,"2,954.20"
02-03-2020,"3,090.20"
03-03-2020,"3,003.40"
04-03-2020,"3,130.10"
05-03-2020,"3,023.90"
06-03-2020,"2,972.40"
09-03-2020,"2,746.60"
10-03-2020,"2,882.20"
11-03-2020,"2,741.40"
12-03-2020,"2,480.60"
13-03-2020,"2,711.00"
16-03-2020,"2,386.10"
17-03-2020,"2,529.20"
18-03-2020,"2,398.10"
19-03-2020,"2,409.40"
20-03-2020,"2,304.90"
23-03-2020,"2,237.40"
24-03-2020,"2,447.30"
25-03-2020,"2,475.60"
26-03-2020,"2,630.10"
27-03-2020,"2,541.50"
30-03-2020,"2,626.70"
31-03-2020,"2,584.60"
01-04-2020,"2,470.50"
02-04-2020,"2,526.90"
03-04-2020,"2,488.70"
06-04-2020,"2,663.70"
07-04-2020,"2,659.40"
08-04-2020,"2,750.00"
09-04-2020,"2,789.80"
13-04-2020,"2,761.60"
14-04-2020,"2,846.10"
15-04-2020,"2,783.40"
16-04-2020,"2,799.60"
17-04-2020,"2,874.60"
20-04-2020,"2,823.20"
21-04-2020,"2,736.60"
22-04-2020,"2,799.30"
23-04-2020,"2,797.80"
24-04-2020,"2,836.70"
27-04-2020,"2,878.50"
28-04-2020,"2,863.40"
29-04-2020,"2,939.50"
30-04-2020,"2,912.40"
01-05-2020,"2,830.70"
04-05-2020,"2,842.70"
05-05-2020,"2,868.40"
06-05-2020,"2,848.40"
07-05-2020,"2,881.20"
08-05-2020,"2,929.80"
11-05-2020,"2,930.30"
12-05-2020,"2,870.10"
13-05-2020,"2,820.00"
14-05-2020,"2,852.50"
15-05-2020,"2,863.70"
18-05-2020,"2,953.90"
19-05-2020,"2,922.90"
20-05-2020,"2,971.60"
21-05-2020,"2,948.50"
22-05-2020,"2,955.40"
26-05-2020,"2,991.80"
27-05-2020,"3,036.10"
28-05-2020,"3,029.70"
29-05-2020,"3,044.30"
01-06-2020,"3,055.70"
02-06-2020,"3,080.80"
03-06-2020,"3,122.90"
04-06-2020,"3,112.30"
05-06-2020,"3,193.90"
08-06-2020,"3,232.40"
09-06-2020,"3,207.20"
10-06-2020,"3,190.10"
11-06-2020,"3,002.10"
12-06-2020,"3,041.30"
15-06-2020,"3,066.60"
16-06-2020,"3,124.70"
17-06-2020,"3,113.50"
18-06-2020,"3,115.30"
19-06-2020,"3,097.70"
22-06-2020,"3,117.90"
23-06-2020,"3,131.30"
24-06-2020,"3,050.30"
25-06-2020,"3,083.80"
26-06-2020,"3,009.10"
29-06-2020,"3,053.20"
30-06-2020,"3,100.30"
01-07-2020,"3,115.90"
02-07-2020,"3,130.00"
06-07-2020,"3,179.70"
07-07-2020,"3,145.30"
08-07-2020,"3,169.90"
09-07-2020,"3,152.10"
10-07-2020,"3,185.00"
13-07-2020,"3,155.20"
14-07-2020,"3,197.50"
15-07-2020,"3,226.60"
16-07-2020,"3,215.60"
17-07-2020,"3,224.70"
20-07-2020,"3,251.80"
21-07-2020,"3,257.30"
22-07-2020,"3,276.00"
23-07-2020,"3,235.70"
24-07-2020,"3,215.60"
27-07-2020,"3,239.40"
28-07-2020,"3,218.40"
29-07-2020,"3,258.40"
30-07-2020,"3,246.20"
31-07-2020,"3,271.10"
03-08-2020,"3,294.60"
04-08-2020,"3,306.50"
05-08-2020,"3,327.80"
06-08-2020,"3,349.20"
07-08-2020,"3,351.30"
10-08-2020,"3,360.50"
11-08-2020,"3,333.70"
12-08-2020,"3,380.30"
13-08-2020,"3,373.40"
14-08-2020,"3,372.80"
17-08-2020,"3,382.00"
18-08-2020,"3,389.80"
19-08-2020,"3,374.80"
20-08-2020,"3,385.50"
21-08-2020,"3,397.20"
24-08-2020,"3,431.30"
25-08-2020,"3,443.60"
26-08-2020,"3,478.70"
27-08-2020,"3,484.60"
28-08-2020,"3,508.00"
31-08-2020,"3,500.30"
01-09-2020,"3,526.70"
02-09-2020,"3,580.80"
03-09-2020,"3,455.10"
04-09-2020,"3,427.00"
08-09-2020,"3,331.80"
09-09-2020,"3,399.00"
10-09-2020,"3,339.20"
11-09-2020,"3,341.00"
14-09-2020,"3,383.50"
15-09-2020,"3,401.20"
16-09-2020,"3,385.50"
17-09-2020,"3,357.00"
18-09-2020,"3,319.50"
21-09-2020,"3,281.10"
22-09-2020,"3,315.60"
23-09-2020,"3,236.90"
24-09-2020,"3,246.60"
25-09-2020,"3,298.50"
28-09-2020,"3,351.60"
29-09-2020,"3,335.50"
30-09-2020,"3,363.00"
01-10-2020,"3,380.80"
02-10-2020,"3,348.40"
05-10-2020,"3,408.60"
06-10-2020,"3,360.90"
07-10-2020,"3,419.40"
08-10-2020,"3,446.80"
09-10-2020,"3,477.10"
12-10-2020,"3,534.20"
13-10-2020,"3,511.90"
14-10-2020,"3,488.70"
15-10-2020,"3,483.30"
16-10-2020,"3,483.80"
19-10-2020,"3,426.90"
20-10-2020,"3,443.10"
21-10-2020,"3,435.60"
22-10-2020,"3,453.50"
23-10-2020,"3,465.40"
26-10-2020,"3,401.00"
27-10-2020,"3,390.70"
28-10-2020,"3,271.00"
29-10-2020,"3,310.10"
30-10-2020,"3,270.00"
02-11-2020,"3,310.20"
03-11-2020,"3,369.20"
04-11-2020,"3,443.40"
05-11-2020,"3,510.40"
06-11-2020,"3,509.40"
09-11-2020,"3,550.50"
10-11-2020,"3,545.50"
11-11-2020,"3,572.70"
12-11-2020,"3,537.00"
13-11-2020,"3,585.20"
16-11-2020,"3,626.90"
17-11-2020,"3,609.50"
18-11-2020,"3,567.80"
19-11-2020,"3,581.90"
20-11-2020,"3,557.50"
23-11-2020,"3,577.60"
24-11-2020,"3,635.40"
25-11-2020,"3,629.70"
27-11-2020,"3,638.30"
30-11-2020,"3,621.60"
01-12-2020,"3,662.40"
02-12-2020,"3,669.00"
03-12-2020,"3,666.70"
04-12-2020,"3,699.10"
07-12-2020,"3,692.00"
08-12-2020,"3,702.20"
09-12-2020,"3,672.80"
10-12-2020,"3,668.10"
11-12-2020,"3,663.50"
14-12-2020,"3,647.50"
15-12-2020,"3,694.60"
16-12-2020,"3,701.20"
17-12-2020,"3,722.50"
18-12-2020,"3,709.40"
21-12-2020,"3,694.90"
22-12-2020,"3,687.30"
23-12-2020,"3,690.00"
24-12-2020,"3,703.10"
28-12-2020,"3,735.40"
29-12-2020,"3,727.00"
30-12-2020,"3,732.00"
31-12-2020,"3,756.10"
04-01-2021,"3,700.70"
05-01-2021,"3,726.90"
06-01-2021,"3,748.10"
07-01-2021,"3,803.80"
08-01-2021,"3,824.70"
11-01-2021,"3,799.60"
12-01-2021,"3,801.20"
13-01-2021,"3,809.80"
14-01-2021,"3,795.50"
15-01-2021,"3,768.20"
19-01-2021,"3,798.90"
20-01-2021,"3,851.80"
21-01-2021,"3,853.10"
22-01-2021,"3,841.50"
25-01-2021,"3,855.40"
26-01-2021,"3,849.60"
27-01-2021,"3,750.80"
28-01-2021,"3,787.40"
29-01-2021,"3,714.20"
01-02-2021,"3,773.90"
02-02-2021,"3,826.30"
03-02-2021,"3,830.20"
04-02-2021,"3,871.70"
05-02-2021,"3,886.80"
08-02-2021,"3,915.60"
09-02-2021,"3,911.20"
10-02-2021,"3,909.90"
11-02-2021,"3,916.40"
12-02-2021,"3,934.80"
16-02-2021,"3,932.60"
17-02-2021,"3,931.30"
18-02-2021,"3,914.00"
19-02-2021,"3,906.70"
22-02-2021,"3,876.50"
23-02-2021,"3,881.40"
24-02-2021,"3,925.40"
25-02-2021,"3,829.30"
26-02-2021,"3,811.20"
01-03-2021,"3,901.80"
02-03-2021,"3,870.30"
03-03-2021,"3,819.70"
04-03-2021,"3,768.50"
05-03-2021,"3,841.90"
08-03-2021,"3,821.30"
09-03-2021,"3,875.40"
10-03-2021,"3,898.80"
11-03-2021,"3,939.30"
12-03-2021,"3,943.30"
15-03-2021,"3,968.90"
16-03-2021,"3,962.70"
17-03-2021,"3,974.10"
18-03-2021,"3,915.50"
19-03-2021,"3,913.10"
22-03-2021,"3,940.60"
23-03-2021,"3,910.50"
24-03-2021,"3,889.10"
25-03-2021,"3,909.50"
26-03-2021,"3,974.50"
29-03-2021,"3,971.10"
30-03-2021,"3,958.60"
31-03-2021,"3,972.90"
01-04-2021,"4,019.90"
05-04-2021,"4,077.90"
06-04-2021,"4,073.90"
07-04-2021,"4,079.90"
08-04-2021,"4,097.20"
09-04-2021,"4,128.80"
12-04-2021,"4,128.00"
13-04-2021,"4,141.60"
14-04-2021,"4,124.70"
15-04-2021,"4,170.40"
16-04-2021,"4,185.50"
19-04-2021,"4,163.30"
20-04-2021,"4,134.90"
21-04-2021,"4,173.40"
22-04-2021,"4,135.00"
23-04-2021,"4,180.20"
26-04-2021,"4,187.60"
27-04-2021,"4,186.70"
28-04-2021,"4,183.20"
29-04-2021,"4,211.50"
30-04-2021,"4,181.20"
03-05-2021,"4,192.70"
04-05-2021,"4,164.70"
05-05-2021,"4,167.60"
06-05-2021,"4,201.60"
07-05-2021,"4,232.60"
10-05-2021,"4,188.40"
11-05-2021,"4,152.10"
12-05-2021,"4,063.00"
13-05-2021,"4,112.50"
14-05-2021,"4,173.90"
17-05-2021,"4,163.30"
18-05-2021,"4,127.80"
19-05-2021,"4,115.70"
20-05-2021,"4,159.10"
21-05-2021,"4,155.90"
24-05-2021,"4,197.10"
25-05-2021,"4,188.10"
26-05-2021,"4,196.00"
27-05-2021,"4,200.90"
28-05-2021,"4,204.10"
01-06-2021,"4,202.00"
02-06-2021,"4,208.10"
03-06-2021,"4,192.90"
04-06-2021,"4,229.90"
07-06-2021,"4,226.50"
08-06-2021,"4,227.30"
09-06-2021,"4,219.60"
10-06-2021,"4,239.20"
11-06-2021,"4,247.40"
14-06-2021,"4,255.10"
15-06-2021,"4,246.60"
16-06-2021,"4,223.70"
17-06-2021,"4,221.90"
18-06-2021,"4,166.40"
21-06-2021,"4,224.80"
22-06-2021,"4,246.40"
23-06-2021,"4,241.80"
24-06-2021,"4,266.50"
25-06-2021,"4,280.70"
28-06-2021,"4,290.60"
29-06-2021,"4,291.80"
30-06-2021,"4,297.50"
01-07-2021,"4,319.90"
02-07-2021,"4,352.30"
06-07-2021,"4,343.50"
07-07-2021,"4,358.10"
08-07-2021,"4,320.80"
09-07-2021,"4,369.60"
12-07-2021,"4,384.60"
13-07-2021,"4,369.20"
14-07-2021,"4,374.30"
15-07-2021,"4,360.00"
16-07-2021,"4,327.20"
19-07-2021,"4,258.50"
20-07-2021,"4,323.10"
21-07-2021,"4,358.70"
22-07-2021,"4,367.50"
23-07-2021,"4,411.80"
26-07-2021,"4,422.30"
27-07-2021,"4,401.50"
28-07-2021,"4,400.60"
29-07-2021,"4,419.10"
30-07-2021,"4,395.30"
02-08-2021,"4,387.20"
03-08-2021,"4,423.10"
04-08-2021,"4,402.70"
05-08-2021,"4,429.10"
06-08-2021,"4,436.50"
09-08-2021,"4,432.40"
10-08-2021,"4,436.80"
11-08-2021,"4,447.70"
12-08-2021,"4,460.80"
13-08-2021,"4,468.00"
16-08-2021,"4,479.70"
17-08-2021,"4,448.10"
18-08-2021,"4,400.30"
19-08-2021,"4,405.80"
20-08-2021,"4,441.70"
23-08-2021,"4,479.50"
24-08-2021,"4,486.20"
25-08-2021,"4,496.20"
26-08-2021,"4,470.00"
27-08-2021,"4,509.40"
30-08-2021,"4,528.80"
31-08-2021,"4,522.70"
01-09-2021,"4,524.10"
02-09-2021,"4,536.90"
03-09-2021,"4,535.40"
07-09-2021,"4,520.00"
08-09-2021,"4,514.10"
09-09-2021,"4,493.30"
10-09-2021,"4,458.60"
13-09-2021,"4,468.70"
14-09-2021,"4,443.10"
15-09-2021,"4,480.70"
16-09-2021,"4,473.80"
17-09-2021,"4,433.00"
20-09-2021,"4,357.70"
21-09-2021,"4,354.20"
22-09-2021,"4,395.60"
23-09-2021,"4,449.00"
24-09-2021,"4,455.50"
27-09-2021,"4,443.10"
28-09-2021,"4,352.60"
29-09-2021,"4,359.50"
30-09-2021,"4,307.50"
01-10-2021,"4,357.00"
04-10-2021,"4,300.50"
05-10-2021,"4,345.70"
06-10-2021,"4,363.60"
07-10-2021,"4,399.80"
08-10-2021,"4,391.30"
11-10-2021,"4,361.20"
12-10-2021,"4,350.60"
13-10-2021,"4,363.80"
14-10-2021,"4,438.30"
15-10-2021,"4,471.40"
18-10-2021,"4,486.50"
19-10-2021,"4,519.60"
20-10-2021,"4,536.20"
21-10-2021,"4,549.80"
22-10-2021,"4,544.90"
25-10-2021,"4,566.50"
26-10-2021,"4,574.80"
27-10-2021,"4,551.70"
28-10-2021,"4,596.40"
29-10-2021,"4,605.40"
01-11-2021,"4,613.70"
02-11-2021,"4,630.60"
03-11-2021,"4,660.60"
04-11-2021,"4,680.10"
05-11-2021,"4,697.50"
08-11-2021,"4,701.70"
09-11-2021,"4,685.20"
10-11-2021,"4,646.70"
11-11-2021,"4,649.30"
12-11-2021,"4,682.90"
15-11-2021,"4,682.80"
16-11-2021,"4,700.90"
17-11-2021,"4,688.70"
18-11-2021,"4,704.50"
19-11-2021,"4,698.00"
22-11-2021,"4,682.90"
23-11-2021,"4,690.70"
24-11-2021,"4,701.50"
26-11-2021,"4,594.60"
29-11-2021,"4,655.30"
30-11-2021,"4,567.00"
01-12-2021,"4,513.00"
02-12-2021,"4,577.10"
03-12-2021,"4,538.40"
06-12-2021,"4,591.70"
07-12-2021,"4,686.80"
08-12-2021,"4,701.20"
09-12-2021,"4,667.40"
10-12-2021,"4,712.00"
13-12-2021,"4,669.00"
14-12-2021,"4,634.10"
15-12-2021,"4,709.90"
16-12-2021,"4,668.70"
17-12-2021,"4,620.60"
20-12-2021,"4,568.00"
21-12-2021,"4,649.20"
22-12-2021,"4,696.60"
23-12-2021,"4,725.80"
27-12-2021,"4,791.20"
28-12-2021,"4,786.40"
29-12-2021,"4,793.10"
30-12-2021,"4,778.70"
31-12-2021,"4,766.20"
03-01-2022,"4,796.60"
04-01-2022,"4,793.50"
05-01-2022,"4,700.60"
06-01-2022,"4,696.10"
07-01-2022,"4,677.00"
10-01-2022,"4,670.30"
11-01-2022,"4,713.10"
12-01-2022,"4,726.40"
13-01-2022,"4,659.00"
14-01-2022,"4,662.90"
18-01-2022,"4,577.10"
19-01-2022,"4,532.80"
20-01-2022,"4,482.70"
21-01-2022,"4,397.90"
24-01-2022,"4,410.10"
25-01-2022,"4,356.40"
26-01-2022,"4,349.90"
27-01-2022,"4,326.50"
28-01-2022,"4,431.90"
31-01-2022,"4,515.60"
01-02-2022,"4,546.50"
02-02-2022,"4,589.40"
03-02-2022,"4,477.40"
04-02-2022,"4,500.50"
07-02-2022,"4,483.90"
08-02-2022,"4,521.50"
09-02-2022,"4,587.20"
10-02-2022,"4,504.10"
11-02-2022,"4,418.64"
14-02-2022,"4,401.67"
15-02-2022,"4,471.07"
16-02-2022,"4,475.01"
17-02-2022,"4,380.26"
18-02-2022,"4,348.87"
22-02-2022,"4,304.76"
23-02-2022,"4,225.50"
24-02-2022,"4,288.70"
25-02-2022,"4,384.65"
28-02-2022,"4,373.94"
01-03-2022,"4,306.26"
02-03-2022,"4,386.54"
03-03-2022,"4,363.49"
04-03-2022,"4,328.87"
07-03-2022,"4,201.09"
08-03-2022,"4,170.70"
09-03-2022,"4,277.88"
10-03-2022,"4,259.52"
11-03-2022,"4,204.31"
14-03-2022,"4,173.11"
15-03-2022,"4,262.45"
16-03-2022,"4,357.86"
17-03-2022,"4,411.67"
18-03-2022,"4,463.12"
21-03-2022,"4,461.18"
22-03-2022,"4,511.61"
23-03-2022,"4,456.24"
24-03-2022,"4,520.16"
25-03-2022,"4,543.06"
28-03-2022,"4,575.52"
29-03-2022,"4,631.60"
30-03-2022,"4,602.45"
31-03-2022,"4,530.41"
01-04-2022,"4,545.86"
04-04-2022,"4,582.64"
05-04-2022,"4,525.12"
06-04-2022,"4,481.15"
07-04-2022,"4,500.21"
08-04-2022,"4,488.28"
11-04-2022,"4,412.53"
12-04-2022,"4,397.45"
13-04-2022,"4,446.59"
14-04-2022,"4,392.59"
18-04-2022,"4,391.69"
19-04-2022,"4,462.21"
20-04-2022,"4,459.45"
21-04-2022,"4,393.66"
22-04-2022,"4,271.78"
25-04-2022,"4,296.12"
26-04-2022,"4,175.20"
27-04-2022,"4,183.96"
28-04-2022,"4,287.50"
29-04-2022,"4,131.93"
02-05-2022,"4,155.38"
03-05-2022,"4,175.48"
04-05-2022,"4,300.17"
05-05-2022,"4,146.87"
06-05-2022,"4,123.34"
09-05-2022,"3,991.24"
10-05-2022,"4,001.05"
11-05-2022,"3,935.18"
12-05-2022,"3,930.08"
13-05-2022,"4,023.89"
16-05-2022,"4,008.01"
17-05-2022,"4,088.85"
18-05-2022,"3,923.68"
19-05-2022,"3,900.79"
20-05-2022,"3,901.36"
23-05-2022,"3,973.75"
24-05-2022,"3,941.48"
25-05-2022,"3,978.73"
26-05-2022,"4,057.84"
27-05-2022,"4,158.24"
31-05-2022,"4,132.15"
01-06-2022,"4,101.23"
02-06-2022,"4,176.82"
03-06-2022,"4,108.54"
06-06-2022,"4,121.43"
07-06-2022,"4,160.68"
08-06-2022,"4,115.77"
09-06-2022,"4,017.82"
10-06-2022,"3,900.86"
13-06-2022,"3,749.63"
14-06-2022,"3,735.48"
15-06-2022,"3,789.99"
16-06-2022,"3,666.77"
17-06-2022,"3,674.84"
21-06-2022,"3,764.79"
22-06-2022,"3,759.89"
23-06-2022,"3,795.73"
24-06-2022,"3,911.74"
27-06-2022,"3,900.11"
28-06-2022,"3,821.55"
29-06-2022,"3,818.83"
30-06-2022,"3,785.38"
01-07-2022,"3,825.33"
05-07-2022,"3,831.39"
06-07-2022,"3,845.08"
07-07-2022,"3,902.62"
08-07-2022,"3,899.38"
11-07-2022,"3,854.43"
12-07-2022,"3,818.80"
13-07-2022,"3,801.78"
14-07-2022,"3,790.38"
15-07-2022,"3,863.16"
18-07-2022,"3,830.85"
19-07-2022,"3,936.69"
20-07-2022,"3,959.90"
21-07-2022,"3,998.95"
22-07-2022,"3,961.63"
25-07-2022,"3,966.84"
26-07-2022,"3,921.05"
27-07-2022,"4,023.61"
28-07-2022,"4,072.43"
29-07-2022,"4,130.29"
01-08-2022,"4,118.63"
02-08-2022,"4,091.19"
03-08-2022,"4,155.17"
04-08-2022,"4,151.94"
05-08-2022,"4,145.19"
08-08-2022,"4,140.06"
09-08-2022,"4,122.47"
10-08-2022,"4,210.24"
11-08-2022,"4,207.27"
12-08-2022,"4,280.15"
15-08-2022,"4,297.14"
16-08-2022,"4,305.20"
17-08-2022,"4,274.04"
18-08-2022,"4,283.74"
19-08-2022,"4,228.48"
22-08-2022,"4,137.99"
23-08-2022,"4,128.73"
24-08-2022,"4,140.77"
25-08-2022,"4,199.12"
26-08-2022,"4,057.66"
29-08-2022,"4,030.61"
30-08-2022,"3,986.16"
31-08-2022,"3,955.00"
01-09-2022,"3,966.85"
02-09-2022,"3,924.26"
06-09-2022,"3,908.19"
07-09-2022,"3,979.87"
08-09-2022,"4,006.18"
09-09-2022,"4,067.36"
12-09-2022,"4,110.41"
13-09-2022,"3,932.69"
14-09-2022,"3,946.01"
15-09-2022,"3,901.35"
16-09-2022,"3,873.33"
19-09-2022,"3,899.89"
20-09-2022,"3,855.93"
21-09-2022,"3,789.93"
22-09-2022,"3,757.99"
23-09-2022,"3,693.23"
26-09-2022,"3,655.04"
27-09-2022,"3,647.29"
28-09-2022,"3,719.04"
29-09-2022,"3,640.47"
30-09-2022,"3,585.62"
03-10-2022,"3,678.43"
04-10-2022,"3,790.93"
05-10-2022,"3,783.28"
06-10-2022,"3,744.52"
07-10-2022,"3,639.66"
10-10-2022,"3,612.39"
11-10-2022,"3,588.84"
12-10-2022,"3,577.03"
13-10-2022,"3,669.91"
14-10-2022,"3,583.07"
17-10-2022,"3,677.95"
18-10-2022,"3,719.98"
19-10-2022,"3,695.16"
20-10-2022,"3,665.78"
21-10-2022,"3,752.75"
24-10-2022,"3,797.34"
25-10-2022,"3,859.11"
26-10-2022,"3,830.60"
27-10-2022,"3,807.30"
28-10-2022,"3,901.06"
31-10-2022,"3,871.98"
01-11-2022,"3,856.10"
02-11-2022,"3,759.69"
03-11-2022,"3,719.89"
04-11-2022,"3,770.55"
07-11-2022,"3,806.80"
08-11-2022,"3,828.11"
09-11-2022,"3,748.57"
10-11-2022,"3,956.37"
11-11-2022,"3,992.93"
14-11-2022,"3,957.25"
15-11-2022,"3,991.73"
16-11-2022,"3,958.79"
17-11-2022,"3,946.56"
18-11-2022,"3,965.34"
21-11-2022,"3,949.94"
22-11-2022,"4,003.58"
23-11-2022,"4,027.26"
25-11-2022,"4,026.12"
28-11-2022,"3,963.94"
29-11-2022,"3,957.63"
30-11-2022,"4,080.11"
01-12-2022,"4,076.57"
02-12-2022,"4,071.70"
05-12-2022,"3,998.84"
06-12-2022,"3,941.26"
07-12-2022,"3,933.92"
08-12-2022,"3,963.51"
09-12-2022,"3,934.38"
12-12-2022,"3,990.56"
13-12-2022,"4,019.65"
14-12-2022,"3,995.32"
15-12-2022,"3,895.75"
16-12-2022,"3,852.36"
19-12-2022,"3,817.66"
20-12-2022,"3,821.62"
21-12-2022,"3,878.44"
22-12-2022,"3,822.39"
23-12-2022,"3,844.82"
27-12-2022,"3,829.25"
28-12-2022,"3,783.22"
29-12-2022,"3,849.28"
30-12-2022,"3,839.50"
03-01-2023,"3,824.14"
04-01-2023,"3,852.97"
05-01-2023,"3,808.10"
06-01-2023,"3,895.08"
09-01-2023,"3,892.09"
10-01-2023,"3,919.25"
11-01-2023,"3,969.61"
12-01-2023,"3,983.17"
13-01-2023,"3,999.09"
17-01-2023,"3,990.97"
18-01-2023,"3,928.86"
19-01-2023,"3,898.85"
20-01-2023,"3,972.61"
23-01-2023,"4,019.81"
24-01-2023,"4,016.95"
25-01-2023,"4,016.22"
26-01-2023,"4,060.43"
27-01-2023,"4,070.56"
30-01-2023,"4,017.77"
31-01-2023,"4,076.60"
01-02-2023,"4,119.21"
02-02-2023,"4,179.76"
03-02-2023,"4,136.48"
06-02-2023,"4,111.08"
07-02-2023,"4,164.00"
08-02-2023,"4,117.86"
09-02-2023,"4,081.50"
10-02-2023,"4,090.46"
13-02-2023,"4,137.29"
14-02-2023,"4,136.13"
15-02-2023,"4,147.60"
16-02-2023,"4,090.41"
17-02-2023,"4,079.09"
21-02-2023,"3,997.34"
22-02-2023,"3,991.05"
23-02-2023,"4,012.32"
24-02-2023,"3,970.04"
27-02-2023,"3,982.24"
28-02-2023,"3,970.15"
01-03-2023,"3,951.39"
02-03-2023,"3,981.35"
03-03-2023,"4,045.64"
06-03-2023,"4,048.42"
07-03-2023,"3,986.37"
08-03-2023,"3,992.01"
09-03-2023,"3,918.32"
10-03-2023,"3,861.59"
13-03-2023,"3,855.76"
14-03-2023,"3,919.29"
15-03-2023,"3,891.93"
16-03-2023,"3,960.28"
17-03-2023,"3,916.64"
20-03-2023,"3,951.57"
21-03-2023,"4,002.87"
22-03-2023,"3,936.97"
23-03-2023,"3,948.72"
24-03-2023,"3,970.99"
27-03-2023,"3,977.53"
28-03-2023,"3,971.27"
29-03-2023,"4,027.81"
30-03-2023,"4,050.83"
31-03-2023,"4,109.31"
03-04-2023,"4,124.51"
04-04-2023,"4,100.60"
05-04-2023,"4,090.38"
06-04-2023,"4,105.02"
10-04-2023,"4,109.11"
11-04-2023,"4,108.94"
12-04-2023,"4,091.95"
13-04-2023,"4,146.22"
14-04-2023,"4,137.64"
17-04-2023,"4,151.32"
18-04-2023,"4,154.87"
19-04-2023,"4,154.52"
20-04-2023,"4,129.79"
21-04-2023,"4,133.52"
24-04-2023,"4,137.04"
25-04-2023,"4,071.63"
26-04-2023,"4,055.99"
27-04-2023,"4,135.35"
28-04-2023,"4,169.48"
01-05-2023,"4,167.87"
02-05-2023,"4,119.58"
03-05-2023,"4,090.75"
04-05-2023,"4,061.22"
05-05-2023,"4,136.25"
08-05-2023,"4,138.12"
09-05-2023,"4,119.17"
10-05-2023,"4,137.64"
11-05-2023,"4,130.62"
12-05-2023,"4,124.08"
15-05-2023,"4,136.28"
16-05-2023,"4,109.90"
17-05-2023,"4,158.77"
18-05-2023,"4,198.05"
19-05-2023,"4,191.98"
22-05-2023,"4,192.63"
23-05-2023,"4,145.58"
24-05-2023,"4,115.24"
25-05-2023,"4,151.28"
26-05-2023,"4,205.45"
30-05-2023,"4,205.52"
31-05-2023,"4,179.83"
01-06-2023,"4,221.02"
02-06-2023,"4,282.37"
05-06-2023,"4,273.79"
06-06-2023,"4,283.85"
07-06-2023,"4,267.52"
08-06-2023,"4,293.93"
09-06-2023,"4,298.86"
12-06-2023,"4,338.93"
13-06-2023,"4,369.01"
14-06-2023,"4,372.59"
15-06-2023,"4,425.84"
16-06-2023,"4,409.59"
20-06-2023,"4,388.71"
21-06-2023,"4,365.69"
22-06-2023,"4,381.89"
23-06-2023,"4,348.33"
26-06-2023,"4,328.82"
27-06-2023,"4,378.41"
28-06-2023,"4,376.86"
29-06-2023,"4,396.44"
30-06-2023,"4,450.38"
03-07-2023,"4,455.59"
05-07-2023,"4,446.82"
06-07-2023,"4,411.59"
07-07-2023,"4,398.95"
10-07-2023,"4,409.53"
11-07-2023,"4,439.26"
12-07-2023,"4,472.16"
13-07-2023,"4,510.04"
14-07-2023,"4,505.42"
17-07-2023,"4,522.79"
18-07-2023,"4,554.98"
19-07-2023,"4,565.72"
20-07-2023,"4,534.87"
21-07-2023,"4,536.34"
24-07-2023,"4,554.64"
25-07-2023,"4,567.46"
26-07-2023,"4,566.75"
27-07-2023,"4,537.41"
28-07-2023,"4,582.23"
31-07-2023,"4,588.96"
01-08-2023,"4,576.73"
02-08-2023,"4,513.39"
03-08-2023,"4,501.89"
04-08-2023,"4,478.03"
07-08-2023,"4,518.44"
08-08-2023,"4,499.38"
09-08-2023,"4,467.71"
10-08-2023,"4,468.83"
11-08-2023,"4,464.05"
14-08-2023,"4,489.72"
15-08-2023,"4,437.86"
16-08-2023,"4,404.33"
17-08-2023,"4,370.36"
18-08-2023,"4,369.71"
21-08-2023,"4,399.77"
22-08-2023,"4,387.55"
23-08-2023,"4,436.01"
24-08-2023,"4,376.31"
25-08-2023,"4,405.71"
28-08-2023,"4,433.31"
29-08-2023,"4,497.63"
30-08-2023,"4,514.87"
31-08-2023,"4,507.66"
01-09-2023,"4,515.77"
05-09-2023,"4,496.83"
06-09-2023,"4,465.48"
07-09-2023,"4,451.14"
08-09-2023,"4,457.49"
11-09-2023,"4,487.46"
12-09-2023,"4,461.90"
13-09-2023,"4,467.44"
14-09-2023,"4,505.10"
15-09-2023,"4,450.32"
18-09-2023,"4,453.53"
19-09-2023,"4,443.95"
20-09-2023,"4,402.20"
21-09-2023,"4,330.00"
22-09-2023,"4,320.06"
25-09-2023,"4,337.44"
26-09-2023,"4,273.53"
27-09-2023,"4,274.51"
28-09-2023,"4,299.70"
29-09-2023,"4,288.05"
02-10-2023,"4,288.39"
03-10-2023,"4,229.45"
04-10-2023,"4,263.75"
05-10-2023,"4,258.19"
06-10-2023,"4,308.50"
09-10-2023,"4,335.66"
10-10-2023,"4,358.24"
11-10-2023,"4,376.95"
12-10-2023,"4,349.61"
13-10-2023,"4,327.78"
16-10-2023,"4,373.63"
17-10-2023,"4,373.20"
18-10-2023,"4,314.60"
19-10-2023,"4,278.00"
20-10-2023,"4,224.16"
23-10-2023,"4,217.04"
24-10-2023,"4,247.68"
25-10-2023,"4,186.77"
26-10-2023,"4,137.23"
27-10-2023,"4,117.37"
30-10-2023,"4,166.82"
31-10-2023,"4,193.80"
01-11-2023,"4,237.86"
02-11-2023,"4,317.78"
03-11-2023,"4,358.34"
06-11-2023,"4,365.98"
07-11-2023,"4,378.38"
08-11-2023,"4,382.78"
09-11-2023,"4,347.35"
10-11-2023,"4,415.24"
13-11-2023,"4,411.55"
14-11-2023,"4,495.70"
15-11-2023,"4,502.88"
16-11-2023,"4,508.24"
17-11-2023,"4,514.02"
20-11-2023,"4,547.38"
21-11-2023,"4,538.19"
22-11-2023,"4,556.62"
24-11-2023,"4,559.34"
27-11-2023,"4,550.43"
28-11-2023,"4,554.89"
29-11-2023,"4,550.58"
30-11-2023,"4,567.80"
01-12-2023,"4,594.63"
04-12-2023,"4,569.78"
05-12-2023,"4,567.18"
06-12-2023,"4,549.34"
07-12-2023,"4,585.59"
08-12-2023,"4,604.37"
11-12-2023,"4,622.44"
12-12-2023,"4,643.70"
13-12-2023,"4,707.09"
14-12-2023,"4,719.55"
15-12-2023,"4,719.19"
18-12-2023,"4,740.56"
19-12-2023,"4,768.37"
20-12-2023,"4,698.35"
21-12-2023,"4,746.75"
22-12-2023,"4,754.63"
26-12-2023,"4,774.75"
27-12-2023,"4,781.58"
28-12-2023,"4,783.35"
29-12-2023,"4,769.83"
02-01-2024,"4,742.83"
03-01-2024,"4,704.81"
04-01-2024,"4,688.68"
05-01-2024,"4,697.24"
08-01-2024,"4,763.54"
09-01-2024,"4,756.50"
10-01-2024,"4,783.45"
11-01-2024,"4,780.24"
12-01-2024,"4,783.83"
16-01-2024,"4,765.98"
17-01-2024,"4,739.21"
18-01-2024,"4,780.94"
19-01-2024,"4,839.81"
22-01-2024,"4,850.43"
23-01-2024,"4,864.60"
24-01-2024,"4,868.55"
25-01-2024,"4,894.16"
26-01-2024,"4,890.97"
29-01-2024,"4,927.93"
30-01-2024,"4,924.97"
31-01-2024,"4,845.65"
01-02-2024,"4,906.19"
02-02-2024,"4,958.61"
05-02-2024,"4,942.81"
06-02-2024,"4,954.23"
07-02-2024,"4,995.06"
08-02-2024,"4,997.91"
09-02-2024,"5,026.61"
12-02-2024,"5,021.84"
13-02-2024,"4,953.17"
14-02-2024,"5,000.62"
15-02-2024,"5,029.73"
16-02-2024,"5,005.57"
20-02-2024,"4,975.51"
21-02-2024,"4,981.80"
22-02-2024,"5,087.03"
23-02-2024,"5,088.80"
26-02-2024,"5,069.53"
27-02-2024,"5,078.18"
28-02-2024,"5,069.76"
29-02-2024,"5,096.27"
01-03-2024,"5,137.08"
04-03-2024,"5,130.95"
05-03-2024,"5,078.65"
06-03-2024,"5,104.76"
07-03-2024,"5,157.36"
08-03-2024,"5,123.69"
11-03-2024,"5,117.94"
12-03-2024,"5,175.27"
13-03-2024,"5,165.31"
14-03-2024,"5,150.48"
15-03-2024,"5,117.09"
18-03-2024,"5,149.42"
19-03-2024,"5,178.51"
20-03-2024,"5,224.62"
21-03-2024,"5,241.53"
22-03-2024,"5,234.18"
25-03-2024,"5,218.19"
26-03-2024,"5,203.58"
27-03-2024,"5,248.49"
28-03-2024,"5,254.35"
01-04-2024,"5,243.77"
02-04-2024,"5,205.81"
03-04-2024,"5,211.49"
04-04-2024,"5,147.21"
05-04-2024,"5,204.34"
08-04-2024,"5,202.39"
09-04-2024,"5,209.91"
10-04-2024,"5,160.64"
11-04-2024,"5,199.06"
12-04-2024,"5,123.41"
15-04-2024,"5,061.82"
16-04-2024,"5,051.41"
17-04-2024,"5,022.21"
18-04-2024,"5,011.12"
19-04-2024,"4,967.23"
22-04-2024,"5,010.60"
23-04-2024,"5,070.55"
24-04-2024,"5,071.63"
25-04-2024,"5,048.42"
26-04-2024,"5,099.96"
29-04-2024,"5,116.17"
30-04-2024,"5,035.69"
01-05-2024,"5,018.39"
02-05-2024,"5,064.20"
03-05-2024,"5,127.79"
06-05-2024,"5,180.74"
07-05-2024,"5,187.70"
08-05-2024,"5,187.67"
09-05-2024,"5,214.08"
10-05-2024,"5,222.68"
13-05-2024,"5,221.42"
14-05-2024,"5,246.68"
15-05-2024,"5,308.15"
16-05-2024,"5,297.10"
17-05-2024,"5,303.27"
20-05-2024,"5,308.13"
21-05-2024,"5,321.41"
22-05-2024,"5,307.01"
23-05-2024,"5,267.84"
24-05-2024,"5,304.72"
28-05-2024,"5,306.04"
29-05-2024,"5,266.95"
30-05-2024,"5,235.48"
31-05-2024,"5,277.51"
03-06-2024,"5,283.40"
04-06-2024,"5,291.34"
05-06-2024,"5,354.03"
06-06-2024,"5,352.96"
07-06-2024,"5,346.99"
10-06-2024,"5,360.79"
11-06-2024,"5,375.32"
12-06-2024,"5,421.03"
13-06-2024,"5,433.74"
14-06-2024,"5,431.60"
17-06-2024,"5,473.23"
18-06-2024,"5,487.03"
20-06-2024,"5,473.17"
21-06-2024,"5,464.62"
24-06-2024,"5,447.87"
25-06-2024,"5,469.30"
26-06-2024,"5,477.90"
27-06-2024,"5,482.87"
28-06-2024,"5,460.48"
01-07-2024,"5,475.09"
02-07-2024,"5,509.01"
03-07-2024,"5,537.02"
05-07-2024,"5,567.19"
08-07-2024,"5,572.85"
09-07-2024,"5,576.98"
10-07-2024,"5,633.91"
11-07-2024,"5,584.54"
12-07-2024,"5,615.35"
15-07-2024,"5,631.22"
16-07-2024,"5,667.20"
17-07-2024,"5,588.27"
18-07-2024,"5,544.59"
19-07-2024,"5,505.00"
22-07-2024,"5,564.41"
23-07-2024,"5,555.74"
24-07-2024,"5,427.13"
25-07-2024,"5,399.22"
26-07-2024,"5,459.10"
29-07-2024,"5,463.54"
30-07-2024,"5,436.44"
31-07-2024,"5,522.30"
01-08-2024,"5,446.68"
02-08-2024,"5,346.56"
05-08-2024,"5,186.33"
06-08-2024,"5,240.03"
07-08-2024,"5,199.50"
08-08-2024,"5,319.31"
09-08-2024,"5,344.16"
12-08-2024,"5,344.39"
13-08-2024,"5,434.43"
14-08-2024,"5,455.21"
15-08-2024,"5,543.22"
16-08-2024,"5,554.25"
19-08-2024,"5,608.25"
20-08-2024,"5,597.12"
21-08-2024,"5,620.85"
22-08-2024,"5,570.64"
23-08-2024,"5,634.61"
26-08-2024,"5,616.84"
27-08-2024,"5,625.80"
28-08-2024,"5,592.18"
29-08-2024,"5,591.96"
30-08-2024,"5,648.40"
03-09-2024,"5,528.93"
04-09-2024,"5,520.07"
05-09-2024,"5,503.41"
06-09-2024,"5,408.42"
09-09-2024,"5,471.05"
10-09-2024,"5,495.52"
11-09-2024,"5,554.13"
12-09-2024,"5,595.76"
13-09-2024,"5,626.02"
16-09-2024,"5,633.09"
17-09-2024,"5,634.58"
18-09-2024,"5,618.26"
19-09-2024,"5,713.64"
20-09-2024,"5,702.55"
23-09-2024,"5,718.57"
24-09-2024,"5,732.93"
25-09-2024,"5,722.26"
26-09-2024,"5,745.37"
27-09-2024,"5,738.17"
30-09-2024,"5,762.48"
01-10-2024,"5,708.75"
02-10-2024,"5,709.54"
03-10-2024,"5,699.94"
04-10-2024,"5,751.07"
07-10-2024,"5,695.94"
08-10-2024,"5,751.13"
09-10-2024,"5,792.04"
10-10-2024,"5,780.05"
11-10-2024,"5,815.03"
14-10-2024,"5,859.85"
15-10-2024,"5,815.26"
16-10-2024,"5,842.47"
17-10-2024,"5,841.47"
18-10-2024,"5,864.67"
21-10-2024,"5,853.98"
22-10-2024,"5,851.20"
23-10-2024,"5,797.42"
24-10-2024,"5,809.86"
25-10-2024,"5,808.12"
28-10-2024,"5,823.52"
29-10-2024,"5,832.92"
30-10-2024,"5,813.67"
31-10-2024,"5,705.45"
01-11-2024,"5,728.80"
04-11-2024,"5,712.69"
05-11-2024,"5,782.76"
06-11-2024,"5,929.04"
07-11-2024,"5,973.10"
08-11-2024,"5,995.54"
11-11-2024,"6,001.35"
12-11-2024,"5,983.99"
13-11-2024,"5,985.38"
14-11-2024,"5,949.17"
15-11-2024,"5,870.62"
18-11-2024,"5,893.62"
19-11-2024,"5,916.98"
20-11-2024,"5,917.11"
21-11-2024,"5,948.71"
22-11-2024,"5,969.34"
25-11-2024,"5,987.37"
26-11-2024,"6,021.63"
27-11-2024,"5,998.74"
29-11-2024,"6,032.38"
02-12-2024,"6,047.15"
03-12-2024,"6,049.88"
04-12-2024,"6,086.49"
05-12-2024,"6,075.11"
06-12-2024,"6,090.27"
09-12-2024,"6,052.85"
10-12-2024,"6,034.91"
11-12-2024,"6,084.19"
12-12-2024,"6,051.25"
13-12-2024,"6,051.09"
16-12-2024,"6,074.08"
17-12-2024,"6,050.61"
18-12-2024,"5,872.16"
19-12-2024,"5,867.08"
20-12-2024,"5,930.85"
23-12-2024,"5,974.07"
24-12-2024,"6,040.04"
26-12-2024,"6,037.59"
27-12-2024,"5,970.84"
30-12-2024,"5,906.94"
31-12-2024,"5,881.63"
02-01-2025,"5,868.55"
03-01-2025,"5,942.47"
06-01-2025,"5,975.38"
07-01-2025,"5,909.03"
08-01-2025,"5,918.25"
10-01-2025,"5,827.04"
13-01-2025,"5,836.22"
14-01-2025,"5,842.91"
15-01-2025,"5,949.91"
16-01-2025,"5,937.34"
17-01-2025,"5,996.66"
21-01-2025,"6,049.24"
22-01-2025,"6,086.37"
23-01-2025,"6,118.71"
24-01-2025,"6,101.24"
27-01-2025,"6,012.28"
28-01-2025,"6,067.70"
29-01-2025,"6,039.31"
30-01-2025,"6,071.17"
31-01-2025,"6,040.53"
03-02-2025,"5,994.57"
04-02-2025,"6,037.88"
05-02-2025,"6,061.48"
06-02-2025,"6,083.57"
07-02-2025,"6,025.99"
10-02-2025,"6,066.44"
11-02-2025,"6,068.50"
12-02-2025,"6,051.97"
13-02-2025,"6,115.07"
14-02-2025,"6,114.63"
18-02-2025,"6,129.58"
19-02-2025,"6,144.15"
20-02-2025,"6,117.52"
21-02-2025,"6,013.13"
24-02-2025,"5,983.25"
25-02-2025,"5,955.25"
26-02-2025,"5,956.06"
27-02-2025,"5,861.57"
28-02-2025,"5,954.50"
03-03-2025,"5,849.72"
04-03-2025,"5,778.15"
05-03-2025,"5,842.63"
06-03-2025,"5,738.52"
07-03-2025,"5,770.20"
10-03-2025,"5,614.56"
11-03-2025,"5,572.07"
12-03-2025,"5,599.30"
13-03-2025,"5,521.52"
14-03-2025,"5,638.94"
17-03-2025,"5,675.12"
18-03-2025,"5,614.66"
19-03-2025,"5,675.29"
20-03-2025,"5,662.89"
21-03-2025,"5,667.56"
